sample	CHROM	POS	ID	REF	ALT	QUAL	FILTER	AS_FilterStatus	AS_SB_TABLE	AS_UNIQ_ALT_READ_COUNT	CONTQ	DP	ECNT	GERMQ	MBQ	MFRL	MMQ	MPOS	NALOD	NCount	NLOD	OCM	PON	POPAF	ROQ	RPA	RU	SEQQ	STR	STRANDQ	STRQ	TLOD	sample.GT	sample.AD	sample.AF	sample.DP	sample.F1R2	sample.F2R1	sample.FAD	sample.GQ	sample.PGT	sample.PID	sample.PL	sample.PS	sample.SB
NA100_1to10	chr20	4694509	.	A	T	-10.0	PASS	SITE	577,553|426,401	NA	NA	2013	1	47	20,20	224,220	60,60	43	NA	NA	NA	NA	NA	0.553	NA	NA	NA	NA	NA	NA	NA	1792.73	A/T	1130,827	0.424	1957	446,370	346,222	828,609	NA	NA	NA	NA	NA	577,553,426,401
NA100_1to2	chr20	4694509	.	A	T	-10.0	PASS	SITE	587,593|417,441	NA	NA	2090	1	53	20,20	254,249	60,60	41	NA	NA	NA	NA	NA	0.553	NA	NA	NA	NA	NA	NA	NA	1640.52	A/T	1180,858	0.420	2038	315,221	328,202	940,678	NA	NA	NA	NA	NA	587,593,417,441
NA100_undil	chr20	4692377	.	G	C	-10.0	PASS	SITE	1391,1412|1197,1237	NA	NA	5308	2	5	20,20	239,241	60,60	37	NA	NA	NA	NA	NA	1.28	NA	NA	NA	NA	NA	NA	NA	9556.64	G|C	2803,2434	0.467	5237	746,801	783,807	2209,1932	NA	0|1	4692377_G_C	NA	4692377	1391,1412,1197,1237
NA100_undil	chr20	4692387	.	TG	CA	-10.0	PASS	SITE	1386,1434|1179,1221	NA	NA	5266	2	81	20,20	240,240	60,60	36	NA	NA	NA	NA	NA	7.30	NA	NA	NA	NA	NA	NA	NA	9563.88	TG|CA	2820,2400	0.461	5220	1019,631	1024,642	2230,1905	NA	0|1	4692377_G_C	NA	4692377	1386,1434,1179,1221
NA100_undil	chr20	4694509	.	A	T	-10.0	PASS	SITE	503,417|374,285	NA	NA	1613	1	33	20,20	198,200	60,60	46	NA	NA	NA	NA	NA	0.553	NA	NA	NA	NA	NA	NA	NA	1353.62	A/T	920,659	0.412	1579	329,253	237,178	624,437	NA	NA	NA	NA	NA	503,417,374,285
NA995A05_undil	chr20	4692377	.	G	C	-10.0	PASS	SITE	1922,2045|1682,1698	NA	NA	7444	2	52	20,20	260,263	60,60	37	NA	NA	NA	NA	NA	1.28	NA	NA	NA	NA	NA	NA	NA	13090.87	G|C	3967,3380	0.459	7347	1128,1198	913,819	3450,2930	NA	0|1	4692377_G_C	NA	4692377	1922,2045,1682,1698
NA995A05_undil	chr20	4692387	.	TG	CA	-10.0	PASS	SITE	1942,2071|1679,1695	NA	NA	7452	2	93	21,20	260,263	60,60	37	NA	NA	NA	NA	NA	7.30	NA	NA	NA	NA	NA	NA	NA	13227.28	TG|CA	4013,3374	0.456	7387	1638,998	1273,683	3499,2928	NA	0|1	4692377_G_C	NA	4692377	1942,2071,1679,1695
NA995A05_undil	chr20	4692684	.	C	CTTT	-10.0	PASS	SITE	1897,1752|1623,1430	NA	NA	7105	1	44	20,20	278,282	60,60	37	NA	NA	NA	NA	NA	1.29	NA	4,7	T	NA	true	NA	93	10976.74	C/CTTT	3649,3053	0.461	6702	1191,980	757,633	3250,2780	NA	NA	NA	NA	NA	1897,1752,1623,1430
NA995A05_undil	chr20	4694509	.	A	T	-10.0	PASS	SITE	1288,1062|985,806	NA	NA	4249	1	93	20,20	219,228	60,60	43	NA	NA	NA	NA	NA	0.553	NA	NA	NA	NA	NA	NA	NA	3621.84	A/T	2350,1791	0.434	4141	1020,687	530,339	1743,1335	NA	NA	NA	NA	NA	1288,1062,985,806
NA995A05_undil	chr20	4699570	.	CA	TG	-10.0	PASS	SITE	3733,3130|49,48	NA	NA	7105	2	93	20,20	250,234	60,60	39	NA	NA	NA	NA	NA	7.30	NA	NA	NA	NA	NA	NA	NA	242.50	CA/TG	6863,97	0.014	6960	2151,41	1261,22	5860,82	NA	NA	NA	NA	NA	3733,3130,49,48
NA99A1_1to5	chr20	4694082	.	AG	A	-10.0	PASS	SITE	168,193|22,23	NA	NA	492	2	93	20,20	260,246	60,60	16	NA	NA	NA	NA	NA	0.587	NA	NA	NA	NA	NA	NA	NA	9.32	AG/A	361,45	0.059	406	143,8	165,21	344,45	NA	NA	NA	NA	NA	168,193,22,23
NA99A1_1to5	chr20	4699570	.	CA	TG	-10.0	PASS	SITE	1306,1118|4,9	NA	NA	2542	2	93	19,20	262,276	60,60	27	NA	NA	NA	NA	NA	7.30	NA	NA	NA	NA	NA	NA	NA	16.96	CA/TG	2424,13	5.251e-03	2437	408,6	371,1	2185,12	NA	NA	NA	NA	NA	1306,1118,4,9
NA99A1_undil	chr20	4692377	.	G	C	-10.0	PASS	SITE	1233,1317|1131,1078	NA	NA	4827	2	6	20,20	257,258	60,60	38	NA	NA	NA	NA	NA	1.28	NA	NA	NA	NA	NA	NA	NA	8677.23	G|C	2550,2209	0.467	4759	743,760	876,838	2065,1810	NA	0|1	4692377_G_C	NA	4692377	1233,1317,1131,1078
NA99A1_undil	chr20	4692387	.	TG	CA	-10.0	PASS	SITE	1229,1328|1140,1070	NA	NA	4816	2	67	20,20	257,256	60,60	37	NA	NA	NA	NA	NA	7.30	NA	NA	NA	NA	NA	NA	NA	8804.55	TG|CA	2557,2210	0.466	4767	836,671	1023,690	2085,1816	NA	0|1	4692377_G_C	NA	4692377	1229,1328,1140,1070
NA99A1_undil	chr20	4692684	.	C	CTTT	-10.0	PASS	SITE	1101,1111|923,915	NA	NA	4298	1	8	20,20	263,272	60,60	39	NA	NA	NA	NA	NA	1.29	NA	4,7	T	NA	true	NA	93	6462.79	C/CTTT	2212,1838	0.463	4050	688,507	693,541	1853,1601	NA	NA	NA	NA	NA	1101,1111,923,915
NA99A1_undil	chr20	4694509	.	A	T	-10.0	PASS	SITE	717,693|526,474	NA	NA	2458	1	93	20,20	226,221	60,60	44	NA	NA	NA	NA	NA	0.553	NA	NA	NA	NA	NA	NA	NA	2016.60	A/T	1410,1000	0.417	2410	476,339	442,326	1030,735	NA	NA	NA	NA	NA	717,693,526,474
NA99A1_undil	chr20	4699570	.	CA	TG	-10.0	PASS	SITE	2216,2064|16,19	NA	NA	4411	2	93	20,20	256,219	60,60	40	NA	NA	NA	NA	NA	7.30	NA	NA	NA	NA	NA	NA	NA	84.51	CA/TG	4280,35	7.635e-03	4315	1280,8	1031,15	3501,26	NA	NA	NA	NA	NA	2216,2064,16,19
