sample	variant	CHROM	POS	ID	REF	ALT	QUAL	FILTER	AS_FilterStatus	AS_SB_TABLE	AS_UNIQ_ALT_READ_COUNT	CONTQ	DP	ECNT	GERMQ	MBQ	MFRL	MMQ	MPOS	NALOD	NCount	NLOD	OCM	PON	POPAF	ROQ	RPA	RU	SEQQ	STR	STRANDQ	STRQ	TLOD	sample.GT	sample.AD	sample.AF	sample.DP	sample.F1R2	sample.F2R1	sample.FAD	sample.GQ	sample.PGT	sample.PID	sample.PL	sample.PS	sample.SB
CJD11	NA	chr20	4691920	.	G	A	-10.0	PASS	SITE	2299,2368|10,18	NA	NA	4810	1	93	20,20	231,57	60,60	33	NA	NA	NA	NA	NA	7.30	NA	NA	NA	NA	NA	NA	NA	9.18	G/A	4667,28	4.247e-03	4695	1149,9	1104,2	3620,19	NA	NA	NA	NA	NA	2299,2368,10,18
CJD13	NA	chr20	4695614	.	G	T	-10.0	PASS	SITE	1350,1281|1282,1308	NA	NA	5373	1	14	20,21	262,255	60,60	36	NA	NA	NA	NA	NA	7.30	NA	NA	NA	NA	NA	NA	NA	5525.94	G/T	2631,2590	0.493	5221	831,955	807,993	2185,2127	NA	NA	NA	NA	NA	1350,1281,1282,1308
CJD2	NA	chr20	4691920	.	G	A	-10.0	PASS	SITE	2327,2353|10,16	NA	NA	4853	1	93	20,20	257,57	60,60	32	NA	NA	NA	NA	NA	7.30	NA	NA	NA	NA	NA	NA	NA	17.15	G/A	4680,26	3.741e-03	4706	1463,8	1640,3	3823,17	NA	NA	NA	NA	NA	2327,2353,10,16
CJD23	NA	chr20	4691920	.	G	A	-10.0	PASS	SITE	2524,2578|12,19	NA	NA	5259	1	93	20,20	232,57	60,60	35	NA	NA	NA	NA	NA	7.30	NA	NA	NA	NA	NA	NA	NA	19.28	G/A	5102,31	4.417e-03	5133	1389,5	1589,3	3925,20	NA	NA	NA	NA	NA	2524,2578,12,19
CJD23	NA	chr20	4694249	.	T	C	-10.0	PASS	SITE	686,647|5,6	NA	NA	1367	2	93	20,23	218,153	60,60	13	NA	NA	NA	NA	NA	7.30	NA	NA	NA	NA	NA	NA	NA	7.94	T|C	1333,11	9.693e-03	1344	310,6	261,3	987,10	NA	0|1	4694249_T_C	NA	4694249	686,647,5,6
CJD25	NA	chr20	4693834	.	CA	AG	-10.0	PASS	SITE	237,2|8,0	NA	NA	258	2	93	20,21	207,223	60,60	18	NA	NA	NA	NA	NA	7.30	NA	NA	NA	NA	NA	NA	NA	13.04	CA/AG	239,8	0.035	247	97,0	39,8	239,8	NA	NA	NA	NA	NA	237,2,8,0
CJD25	NA	chr20	4695357	.	G	C	-10.0	PASS	SITE	26,280|1,5	NA	NA	327	1	93	19,20	259,159	60,60	10	NA	NA	NA	NA	NA	7.30	NA	NA	NA	NA	NA	NA	NA	8.55	G/C	306,6	0.022	312	55,4	85,1	306,6	NA	NA	NA	NA	NA	26,280,1,5
CJD27	NA	chr20	4694509	.	A	T	-10.0	PASS	SITE	629,511|435,364	NA	NA	1973	1	72	20,20	217,203	60,60	49	NA	NA	NA	NA	NA	0.553	NA	NA	NA	NA	NA	NA	NA	1483.07	A/T	1140,799	0.402	1939	296,186	229,161	822,551	NA	NA	NA	NA	NA	629,511,435,364
CJD27	NA	chr20	4695237	.	T	C	-10.0	PASS	SITE	2248,1708|1,10	NA	NA	4081	2	93	20,20	248,63	60,60	15	NA	NA	NA	NA	NA	7.30	NA	NA	NA	NA	NA	NA	NA	9.21	T/C	3956,11	3.073e-03	3967	528,4	633,4	3222,10	NA	NA	NA	NA	NA	2248,1708,1,10
CJD3	NA	chr20	4687682	.	T	G	-10.0	PASS	SITE	3022,2999|49,44	NA	NA	6258	1	93	20,20	216,239	60,60	32	NA	NA	NA	NA	NA	0.674	NA	NA	NA	NA	NA	NA	NA	79.69	T/G	6021,93	0.014	6114	1791,39	1705,23	4463,69	NA	NA	NA	NA	NA	3022,2999,49,44
CJD3	NA	chr20	4690579	.	T	G	-10.0	PASS	SITE	1822,2459|31,41	NA	NA	4453	1	93	20,20	212,192	60,60	41	NA	NA	NA	NA	NA	0.415	NA	NA	NA	NA	NA	NA	NA	70.34	T/G	4281,72	0.015	4353	1509,19	1207,10	3089,50	NA	NA	NA	NA	NA	1822,2459,31,41
CJD3	NA	chr20	4691629	.	A	G	-10.0	PASS	SITE	2995,3165|65,67	NA	NA	6451	2	93	20,20	225,218	60,60	36	NA	NA	NA	NA	NA	0.592	NA	NA	NA	NA	NA	NA	NA	121.86	A/G	6160,132	0.019	6292	2009,41	1894,46	4689,101	NA	NA	NA	NA	NA	2995,3165,65,67
CJD3	NA	chr20	4691661	.	C	T	-10.0	PASS	SITE	2931,3200|57,65	NA	NA	6436	2	93	17,20	225,213	60,60	44	NA	NA	NA	NA	NA	0.530	NA	NA	NA	NA	NA	NA	NA	118.61	C/T	6131,122	0.019	6253	1183,36	1036,47	4669,92	NA	NA	NA	NA	NA	2931,3200,57,65
CJD3	NA	chr20	4695334	.	G	A	-10.0	PASS	SITE	3205,2782|59,38	NA	NA	6244	1	93	17,20	219,227	60,60	38	NA	NA	NA	NA	NA	0.642	NA	NA	NA	NA	NA	NA	NA	78.81	G/A	5987,97	0.015	6084	399,32	354,34	4558,76	NA	NA	NA	NA	NA	3205,2782,59,38
CJD3	NA	chr20	4696446	.	G	A	-10.0	PASS	SITE	3396,3058|61,51	NA	NA	6717	1	93	17,20	227,255	60,60	41	NA	NA	NA	NA	NA	0.658	NA	NA	NA	NA	NA	NA	NA	97.71	G/A	6454,112	0.017	6566	391,44	347,33	5074,89	NA	NA	NA	NA	NA	3396,3058,61,51
CJD30	E200K_position	chr20	4699818	.	G	A	-10.0	PASS	SITE	54,49|48,55	NA	NA	234	1	5	16,20	239,223	60,60	8	NA	NA	NA	NA	NA	7.30	NA	NA	NA	NA	NA	NA	NA	183.47	G/A	103,103	0.520	206	9,27	4,28	98,95	NA	NA	NA	NA	NA	54,49,48,55
CJD6	NA	chr20	4694509	.	A	T	-10.0	PASS	SITE	348,333|210,213	NA	NA	1124	1	74	20,20	206,203	60,60	44	NA	NA	NA	NA	NA	0.553	NA	NA	NA	NA	NA	NA	NA	811.17	A/T	681,423	0.386	1104	174,98	126,88	469,294	NA	NA	NA	NA	NA	348,333,210,213
CJD7	NA	chr20	4694270	.	A	G	-10.0	PASS	SITE	607,700|0,7	NA	NA	1331	2	93	20,20	200,112	60,60	42	NA	NA	NA	NA	NA	7.30	NA	NA	NA	NA	NA	NA	NA	11.56	A/G	1307,7	8.768e-03	1314	239,2	208,4	900,7	NA	NA	NA	NA	NA	607,700,0,7
CJD7	NA	chr20	4694509	.	A	T	-10.0	PASS	SITE	148,157|91,98	NA	NA	497	1	7	20,20	200,202	60,60	46	NA	NA	NA	NA	NA	0.553	NA	NA	NA	NA	NA	NA	NA	370.67	A/T	305,189	0.382	494	88,58	77,34	213,131	NA	NA	NA	NA	NA	148,157,91,98
Ctrl5	NA	chr20	4694509	.	A	T	-10.0	PASS	SITE	236,255|142,154	NA	NA	802	1	47	20,20	215,217	60,60	46	NA	NA	NA	NA	NA	0.553	NA	NA	NA	NA	NA	NA	NA	546.80	A/T	491,296	0.373	787	124,66	99,48	359,214	NA	NA	NA	NA	NA	236,255,142,154
