sample	variant	CHROM	POS	region	REF	ALT	FILTER	AF	GNOMAD_AF	FUNCOTATION	GT	DP	REF_count	ALT_count	AAF	gene	location_relative	dbsnp_id	mutation_type	population_frequency_gnomAD_manual	variant_id
CJD1.noPoN	NA	chr4	105273277	NA	G	A	PASS	NA	NA	[TET2|hg38|chr4|105273277|105273277|INTRON||SNP|G|G|A|g.chr4:105273277G>A|ENST00000513237.5|+|||c.e10+359G>A|||0.39650872817955113|AAGTAGCAAGGGCCAGGCTTT|TET2_ENST00000380013.9_INTRON/TET2_ENST00000540549.5_INTRON||||||||||||||||||||||||||||45382|NS(562)_%7C_adrenal_gland(32)_%7C_autonomic_ganglia(98)_%7C_biliary_tract(755)_%7C_bone(167)_%7C_breast(4379)_%7C_central_nervous_system(911)_%7C_cervix(179)_%7C_endometrium(329)_%7C_eye(53)_%7C_fallopian_tube(1)_%7C_female_genital_tract_(site_indeterminate)(20)_%7C_gastrointestinal_tract_(site_indeterminate)(68)_%7C_genital_tract(59)_%7C_haematopoietic_and_lymphoid_tissue(23755)_%7C_kidney(655)_%7C_large_intestine(1761)_%7C_liver(157)_%7C_lung(2715)_%7C_meninges(30)_%7C_midline_organs(1)_%7C_oesophagus(145)_%7C_ovary(512)_%7C_pancreas(739)_%7C_penis(8)_%7C_perineum(1)_%7C_peritoneum(19)_%7C_pituitary(3)_%7C_placenta(3)_%7C_pleura(193)_%7C_prostate(1356)_%7C_salivary_gland(311)_%7C_skin(1023)_%7C_small_intestine(62)_%7C_soft_tissue(830)_%7C_stomach(477)_%7C_testis(355)_%7C_thymus(125)_%7C_thyroid(1075)_%7C_upper_aerodigestive_tract(787)_%7C_urinary_tract(618)_%7C_uterine_adnexa(4)_%7C_vagina(2)_%7C_vulva(47)||||AC026029|||HGNC:25941|tet_%20_methylcytosine_%20_dioxygenase_%20_2|Approved|gene_%20_with_%20_protein_%20_product|protein-coding_%20_gene|KIAA1546|""KIAA1546""_%2C__%20_""tet_%20_oncogene_%20_family_%20_member_%20_2""|FLJ20032|""ten-eleven_%20_translocation_%20_2""|4q24|2023-01-20|2008-03-12|2011-09-30|AB046766|1.14.11.n2|54790|ENSG00000168769|10997877_%2C__%20_12646957|NM_017628|2049|Tet_%20_methylcytosine_%20_dioxygenase_%20_family|CCDS47120_%2C__%20_CCDS3666|OTTHUMG00000131213|54790|612839|NM_001127208|Q6N021|ENSG00000168769|uc021xqk.1||||TET2_HUMAN||B5MDU0_%7C_Q2TB88_%7C_Q3LIB8_%7C_Q96JX5_%7C_Q9HCM6_%7C_Q9NXW0|Q6N021|5-methylcytosine_%20_catabolic_%20_process_%20_(GO:0006211)_%7C_cell_%20_cycle_%20_(GO:0007049)_%7C_DNA_%20_demethylation_%20_(GO:0080111)_%7C_histone_%20_H3-K4_%20_trimethylation_%20_(GO:0080182)_%7C_kidney_%20_development_%20_(GO:0001822)_%7C_myeloid_%20_cell_%20_differentiation_%20_(GO:0030099)_%7C_positive_%20_regulation_%20_of_%20_transcription_%20_from_%20_RNA_%20_polymerase_%20_II_%20_promoter_%20_(GO:0045944)_%7C_post-embryonic_%20_development_%20_(GO:0009791)_%7C_protein_%20_O-linked_%20_glycosylation_%20_(GO:0006493)||DNA_%20_binding_%20_(GO:0003677)_%7C_ferrous_%20_iron_%20_binding_%20_(GO:0008198)_%7C_methylcytosine_%20_dioxygenase_%20_activity_%20_(GO:0070579)_%7C_zinc_%20_ion_%20_binding_%20_(GO:0008270)|false|false||false|false||false|false|false||false|false|false|false|false|false|false|false|false|false|false|false|false|false|false|false|false|false|false|false|||false|false||false||false||false|false|false||false|||false|||||||||||||||||||||||||||||||||||||||||||||||||||||||||||||||||||||||||||||false|false||]	G/A	2	0	2	1	TET2	INTRON	NA	INTRON	NA	4-105273277-G-A
CJD11.noPoN	NA	chr2	178581749	NA	C	T	PASS	NA	NA	[TTN|hg38|chr2|178581749|178581749|SILENT||SNP|C|C|T|g.chr2:178581749C>T|ENST00000589042.5|-|316|66744|c.66519G>A|c.(66517-66519)gtG>gtA|p.V22173V|0.4613466334164589|AAGATAGACTCACAGAGCTGC|TTN_ENST00000342992.11_SILENT_p.V19605V/TTN_ENST00000591111.5_SILENT_p.V20532V/TTN_ENST00000460472.6_SILENT_p.V13108V/TTN_ENST00000342175.11_SILENT_p.V13300V/TTN_ENST00000359218.10_SILENT_p.V13233V/TTN-AS1_ENST00000659121.1_RNA/TTN-AS1_ENST00000419746.5_RNA/TTN-AS1_ENST00000657023.1_RNA/TTN-AS1_ENST00000590773.6_RNA/TTN-AS1_ENST00000456053.5_RNA/TTN-AS1_ENST00000592600.6_RNA/TTN-AS1_ENST00000630096.2_RNA/TTN-AS1_ENST00000628826.2_RNA||||||||||||||||||||||||||||3382|biliary_tract(2)_%7C_breast(245)_%7C_central_nervous_system(63)_%7C_haematopoietic_and_lymphoid_tissue(158)_%7C_kidney(299)_%7C_large_intestine(1455)_%7C_liver(19)_%7C_lung(289)_%7C_oesophagus(103)_%7C_ovary(123)_%7C_pancreas(131)_%7C_salivary_gland(14)_%7C_skin(27)_%7C_stomach(158)_%7C_testis(13)_%7C_upper_aerodigestive_tract(283)||||KF459616|NM_001267550.2|NP_001254479.2|HGNC:12403|titin|Approved|gene_%20_with_%20_protein_%20_product|protein-coding_%20_gene|CMD1G|""cardiomyopathy_%2C__%20_dilated_%20_1G_%20_(autosomal_%20_dominant)""|CMPD4_%2C__%20_FLJ32040_%2C__%20_TMD_%2C__%20_CMH9_%2C__%20_LGMD2J_%2C__%20_MYLK5||2q31.2|2023-03-15||2004-02-13|X90568||7273|ENSG00000155657|2129545_%2C__%20_10051295|NM_133378|1668_%7C_593_%7C_555|Myosin_%20_light_%20_chain_%20_kinase_%20_family_%7C_I-set_%20_domain_%20_containing_%7C_Fibronectin_%20_type_%20_III_%20_domain_%20_containing|CCDS59435_%2C__%20_CCDS54422_%2C__%20_CCDS54423_%2C__%20_CCDS54424_%2C__%20_CCDS33337_%2C__%20_CCDS54421|OTTHUMG00000154448|7273|188840|NM_001256850|Q8WZ42|ENSG00000155657|uc031rqc.3||||TITIN_HUMAN||A6NKB1_%7C_E7EQE6_%7C_E7ET18_%7C_K7ENY1_%7C_Q10465_%7C_Q10466_%7C_Q15598_%7C_Q2XUS3_%7C_Q32Q60_%7C_Q4U1Z6_%7C_Q4ZG20_%7C_Q6NSG0_%7C_Q6PDB1_%7C_Q6PJP0_%7C_Q7KYM2_%7C_Q7KYN4_%7C_Q7KYN5_%7C_Q7LDM3_%7C_Q7Z2X3_%7C_Q8TCG8_%7C_Q8WZ42_%7C_Q8WZ51_%7C_Q8WZ52_%7C_Q8WZ53_%7C_Q8WZB3_%7C_Q92761_%7C_Q92762_%7C_Q9UD97_%7C_Q9UP84_%7C_Q9Y6L9|Q8WZ42|adult_%20_heart_%20_development_%20_(GO:0007512)_%7C_blood_%20_coagulation_%20_(GO:0007596)_%7C_cardiac_%20_muscle_%20_contraction_%20_(GO:0060048)_%7C_cardiac_%20_muscle_%20_fiber_%20_development_%20_(GO:0048739)_%7C_cardiac_%20_muscle_%20_hypertrophy_%20_(GO:0003300)_%7C_cardiac_%20_muscle_%20_tissue_%20_morphogenesis_%20_(GO:0055008)_%7C_cardiac_%20_myofibril_%20_assembly_%20_(GO:0055003)_%7C_detection_%20_of_%20_muscle_%20_stretch_%20_(GO:0035995)_%7C_forward_%20_locomotion_%20_(GO:0043056)_%7C_in_%20_utero_%20_embryonic_%20_development_%20_(GO:0001701)_%7C_mitotic_%20_chromosome_%20_condensation_%20_(GO:0007076)_%7C_muscle_%20_contraction_%20_(GO:0006936)_%7C_muscle_%20_filament_%20_sliding_%20_(GO:0030049)_%7C_platelet_%20_activation_%20_(GO:0030168)_%7C_platelet_%20_degranulation_%20_(GO:0002576)_%7C_regulation_%20_of_%20_catalytic_%20_activity_%20_(GO:0050790)_%7C_regulation_%20_of_%20_protein_%20_kinase_%20_activity_%20_(GO:0045859)_%7C_regulation_%20_of_%20_relaxation_%20_of_%20_cardiac_%20_muscle_%20_(GO:1901897)_%7C_response_%20_to_%20_calcium_%20_ion_%20_(GO:0051592)_%7C_sarcomere_%20_organization_%20_(GO:0045214)_%7C_sarcomerogenesis_%20_(GO:0048769)_%7C_skeletal_%20_muscle_%20_myosin_%20_thick_%20_filament_%20_assembly_%20_(GO:0030241)_%7C_skeletal_%20_muscle_%20_thin_%20_filament_%20_assembly_%20_(GO:0030240)_%7C_somitogenesis_%20_(GO:0001756)_%7C_striated_%20_muscle_%20_contraction_%20_(GO:0006941)|condensed_%20_nuclear_%20_chromosome_%20_(GO:0000794)_%7C_cytoplasm_%20_(GO:0005737)_%7C_cytosol_%20_(GO:0005829)_%7C_extracellular_%20_region_%20_(GO:0005576)_%7C_extracellular_%20_vesicular_%20_exosome_%20_(GO:0070062)_%7C_Golgi_%20_apparatus_%20_(GO:0005794)_%7C_I_%20_band_%20_(GO:0031674)_%7C_M_%20_band_%20_(GO:0031430)_%7C_nucleus_%20_(GO:0005634)_%7C_striated_%20_muscle_%20_thin_%20_filament_%20_(GO:0005865)_%7C_Z_%20_disc_%20_(GO:0030018)|actin_%20_filament_%20_binding_%20_(GO:0051015)_%7C_actinin_%20_binding_%20_(GO:0042805)_%7C_ATP_%20_binding_%20_(GO:0005524)_%7C_calcium_%20_ion_%20_binding_%20_(GO:0005509)_%7C_calmodulin_%20_binding_%20_(GO:0005516)_%7C_enzyme_%20_binding_%20_(GO:0019899)_%7C_identical_%20_protein_%20_binding_%20_(GO:0042802)_%7C_muscle_%20_alpha-actinin_%20_binding_%20_(GO:0051371)_%7C_protease_%20_binding_%20_(GO:0002020)_%7C_protein_%20_kinase_%20_binding_%20_(GO:0019901)_%7C_protein_%20_self-association_%20_(GO:0043621)_%7C_protein_%20_serine/threonine_%20_kinase_%20_activity_%20_(GO:0004674)_%7C_structural_%20_constituent_%20_of_%20_muscle_%20_(GO:0008307)_%7C_structural_%20_molecule_%20_activity_%20_conferring_%20_elasticity_%20_(GO:0097493)_%7C_telethonin_%20_binding_%20_(GO:0031433)|false|false||false|false||false|false|false||false|false|false|false|false|false|false|false|false|false|false|false|false|false|false|false|false|false|false|false|||false|false||false||false||false|false|false||false|||false|||||||||||||||||||||||||||||||||||||||||||||||||||||||||||||||||||||||||||||false|false||]	C/T	2	0	2	1	TTN	SILENT	NA	SILENT	NA	2-178581749-C-T
CJD11.noPoN	NA	chr20	4691920	intron	G	A	PASS	NA	NA	[PRNP|hg38|chr20|4691920|4691920|INTRON||SNP|G|G|A|g.chr20:4691920G>A|ENST00000457586.2|+|||c.e1+5184G>A|||0.3516209476309227|TGAGAAGAATGTGTATTCTGC|PRNP_ENST00000430350.2_INTRON/PRNP_ENST00000379440.9_INTRON/PRNP_ENST00000424424.2_INTRON||||||||||||||||||||||||||||91|biliary_tract(2)_%7C_breast(11)_%7C_central_nervous_system(44)_%7C_large_intestine(11)_%7C_lung(1)_%7C_pancreas(22)||||X83416|NM_001080123.3|NP_001073592.1|HGNC:9449|prion_%20_protein|Approved|gene_%20_with_%20_protein_%20_product|protein-coding_%20_gene|PRIP_%2C__%20_GSS_%2C__%20_CJD|""prion_%20_protein_%20_(p27-30)""|CD230_%2C__%20_PRP_%2C__%20_AltPrP|""Creutzfeldt-Jakob_%20_disease""_%2C__%20_""Gerstmann-Strausler-Scheinker_%20_syndrome""_%2C__%20_""fatal_%20_familial_%20_insomnia""_%2C__%20_""p27-30""|20p13|2023-01-20||2008-07-28|M13899||5621|ENSG00000171867||NM_000311|471|CD_%20_molecules|CCDS13080|OTTHUMG00000031786|5621|176640|NM_000311|F7VJQ1_%2C__%20_P04156|ENSG00000171867|uc021wae.3|hg38|OREG1597665|Type_%3D_TRANSCRIPTION_%20_FACTOR_%20_BINDING_%20_SITE_%7C_Gene_Symbol_%3D_PRNP_%7C_Gene_ID_%3D_ENSG00000171867_%7C_Gene_Source_%3D_ENSEMBL_%7C_Regulatory_Element_Symbol_%3D_FOXA1_%7C_Regulatory_Element_ID_%3D_ENST00000250448_%7C_Regulatory_Element_Source_%3D_ENSEMBL_%7C_PMID_%3D_18971253_%7C_Dataset_%3D_PAZAR|APRIO_HUMAN|||F7VJQ1||integral_%20_component_%20_of_%20_membrane_%20_(GO:0016021)_%7C_mitochondrial_%20_outer_%20_membrane_%20_(GO:0005741)||false|false||false|false||false|false|false||false|false|false|false|false|false|false|false|false|false|false|false|false|false|false|false|false|false|false|false|||false|false||false||false||false|false|false||false|||false|||||||||||||||||||||||||||||||||||||||||||||||||||||||||||||||||||||||||||||false|false||]	G/A	4695	4667	28	0.005963791267305644	PRNP	INTRON	NA	INTRON	NA	20-4691920-G-A
CJD13.noPoN	NA	chr2	178568562	NA	A	T	PASS	NA	NA	[TTN|hg38|chr2|178568562|178568562|MISSENSE||SNP|A|A|T|g.chr2:178568562A>T|ENST00000589042.5|-|326|77795|c.77570T>A|c.(77569-77571)aTt>aAt|p.I25857N|0.4139650872817955|AGTTTCTTTAATACTGAGTGT|TTN_ENST00000342992.11_MISSENSE_p.I23289N/TTN_ENST00000591111.5_MISSENSE_p.I24216N/TTN_ENST00000460472.6_MISSENSE_p.I16792N/TTN_ENST00000342175.11_MISSENSE_p.I16984N/TTN_ENST00000359218.10_MISSENSE_p.I16917N/TTN-AS1_ENST00000659121.1_RNA/TTN-AS1_ENST00000419746.5_RNA/TTN-AS1_ENST00000657023.1_RNA/TTN-AS1_ENST00000590773.6_RNA/TTN-AS1_ENST00000456053.5_RNA/TTN-AS1_ENST00000592600.6_RNA/TTN-AS1_ENST00000627564.2_RNA/TTN-AS1_ENST00000630096.2_RNA/TTN-AS1_ENST00000628826.2_RNA||||||||||||||||||||||||||||3382|biliary_tract(2)_%7C_breast(245)_%7C_central_nervous_system(63)_%7C_haematopoietic_and_lymphoid_tissue(158)_%7C_kidney(299)_%7C_large_intestine(1455)_%7C_liver(19)_%7C_lung(289)_%7C_oesophagus(103)_%7C_ovary(123)_%7C_pancreas(131)_%7C_salivary_gland(14)_%7C_skin(27)_%7C_stomach(158)_%7C_testis(13)_%7C_upper_aerodigestive_tract(283)||||KF459616|NM_001267550.2|NP_001254479.2|HGNC:12403|titin|Approved|gene_%20_with_%20_protein_%20_product|protein-coding_%20_gene|CMD1G|""cardiomyopathy_%2C__%20_dilated_%20_1G_%20_(autosomal_%20_dominant)""|CMPD4_%2C__%20_FLJ32040_%2C__%20_TMD_%2C__%20_CMH9_%2C__%20_LGMD2J_%2C__%20_MYLK5||2q31.2|2023-03-15||2004-02-13|X90568||7273|ENSG00000155657|2129545_%2C__%20_10051295|NM_133378|1668_%7C_593_%7C_555|Myosin_%20_light_%20_chain_%20_kinase_%20_family_%7C_I-set_%20_domain_%20_containing_%7C_Fibronectin_%20_type_%20_III_%20_domain_%20_containing|CCDS59435_%2C__%20_CCDS54422_%2C__%20_CCDS54423_%2C__%20_CCDS54424_%2C__%20_CCDS33337_%2C__%20_CCDS54421|OTTHUMG00000154448|7273|188840|NM_001256850|Q8WZ42|ENSG00000155657|uc031rqc.3||||TITIN_HUMAN||A6NKB1_%7C_E7EQE6_%7C_E7ET18_%7C_K7ENY1_%7C_Q10465_%7C_Q10466_%7C_Q15598_%7C_Q2XUS3_%7C_Q32Q60_%7C_Q4U1Z6_%7C_Q4ZG20_%7C_Q6NSG0_%7C_Q6PDB1_%7C_Q6PJP0_%7C_Q7KYM2_%7C_Q7KYN4_%7C_Q7KYN5_%7C_Q7LDM3_%7C_Q7Z2X3_%7C_Q8TCG8_%7C_Q8WZ42_%7C_Q8WZ51_%7C_Q8WZ52_%7C_Q8WZ53_%7C_Q8WZB3_%7C_Q92761_%7C_Q92762_%7C_Q9UD97_%7C_Q9UP84_%7C_Q9Y6L9|Q8WZ42|adult_%20_heart_%20_development_%20_(GO:0007512)_%7C_blood_%20_coagulation_%20_(GO:0007596)_%7C_cardiac_%20_muscle_%20_contraction_%20_(GO:0060048)_%7C_cardiac_%20_muscle_%20_fiber_%20_development_%20_(GO:0048739)_%7C_cardiac_%20_muscle_%20_hypertrophy_%20_(GO:0003300)_%7C_cardiac_%20_muscle_%20_tissue_%20_morphogenesis_%20_(GO:0055008)_%7C_cardiac_%20_myofibril_%20_assembly_%20_(GO:0055003)_%7C_detection_%20_of_%20_muscle_%20_stretch_%20_(GO:0035995)_%7C_forward_%20_locomotion_%20_(GO:0043056)_%7C_in_%20_utero_%20_embryonic_%20_development_%20_(GO:0001701)_%7C_mitotic_%20_chromosome_%20_condensation_%20_(GO:0007076)_%7C_muscle_%20_contraction_%20_(GO:0006936)_%7C_muscle_%20_filament_%20_sliding_%20_(GO:0030049)_%7C_platelet_%20_activation_%20_(GO:0030168)_%7C_platelet_%20_degranulation_%20_(GO:0002576)_%7C_regulation_%20_of_%20_catalytic_%20_activity_%20_(GO:0050790)_%7C_regulation_%20_of_%20_protein_%20_kinase_%20_activity_%20_(GO:0045859)_%7C_regulation_%20_of_%20_relaxation_%20_of_%20_cardiac_%20_muscle_%20_(GO:1901897)_%7C_response_%20_to_%20_calcium_%20_ion_%20_(GO:0051592)_%7C_sarcomere_%20_organization_%20_(GO:0045214)_%7C_sarcomerogenesis_%20_(GO:0048769)_%7C_skeletal_%20_muscle_%20_myosin_%20_thick_%20_filament_%20_assembly_%20_(GO:0030241)_%7C_skeletal_%20_muscle_%20_thin_%20_filament_%20_assembly_%20_(GO:0030240)_%7C_somitogenesis_%20_(GO:0001756)_%7C_striated_%20_muscle_%20_contraction_%20_(GO:0006941)|condensed_%20_nuclear_%20_chromosome_%20_(GO:0000794)_%7C_cytoplasm_%20_(GO:0005737)_%7C_cytosol_%20_(GO:0005829)_%7C_extracellular_%20_region_%20_(GO:0005576)_%7C_extracellular_%20_vesicular_%20_exosome_%20_(GO:0070062)_%7C_Golgi_%20_apparatus_%20_(GO:0005794)_%7C_I_%20_band_%20_(GO:0031674)_%7C_M_%20_band_%20_(GO:0031430)_%7C_nucleus_%20_(GO:0005634)_%7C_striated_%20_muscle_%20_thin_%20_filament_%20_(GO:0005865)_%7C_Z_%20_disc_%20_(GO:0030018)|actin_%20_filament_%20_binding_%20_(GO:0051015)_%7C_actinin_%20_binding_%20_(GO:0042805)_%7C_ATP_%20_binding_%20_(GO:0005524)_%7C_calcium_%20_ion_%20_binding_%20_(GO:0005509)_%7C_calmodulin_%20_binding_%20_(GO:0005516)_%7C_enzyme_%20_binding_%20_(GO:0019899)_%7C_identical_%20_protein_%20_binding_%20_(GO:0042802)_%7C_muscle_%20_alpha-actinin_%20_binding_%20_(GO:0051371)_%7C_protease_%20_binding_%20_(GO:0002020)_%7C_protein_%20_kinase_%20_binding_%20_(GO:0019901)_%7C_protein_%20_self-association_%20_(GO:0043621)_%7C_protein_%20_serine/threonine_%20_kinase_%20_activity_%20_(GO:0004674)_%7C_structural_%20_constituent_%20_of_%20_muscle_%20_(GO:0008307)_%7C_structural_%20_molecule_%20_activity_%20_conferring_%20_elasticity_%20_(GO:0097493)_%7C_telethonin_%20_binding_%20_(GO:0031433)|true|false||false|false||false|false|false|TTN:7273_%7C_TTN-AS1:100506866|false|false|true|false|false|false|false|false|false|false|false|true|false|false|false|false|false|false|false|true|781755787|178568562|false|false|0|false|0|false||false|false|false|SNV|false|0x050000080a05000002000100|1|false|144|rs781755787||8.07350e-06|0.00000e+00|0.00000e+00|0.00000e+00|0.00000e+00|0.00000e+00|0.00000e+00|0.00000e+00|0.00000e+00|0.00000e+00|1.11495e-04|1.09745e-04|0.00000e+00|0.00000e+00|1.13302e-04|1.42633e-04|8.81865e-06|0.00000e+00|0.00000e+00|0.00000e+00|7.44446e-06|0.00000e+00|0.00000e+00|0.00000e+00|0.00000e+00|0.00000e+00|0.00000e+00|0.00000e+00|0.00000e+00|0.00000e+00|0.00000e+00|0.00000e+00|0.00000e+00|1.11495e-04|8.00512e-06|0.00000e+00|0.00000e+00|0.00000e+00|rs781755787|||||||||||||||||||||||||||||||||||false|false||]	A/T	2	0	2	1	TTN	MISSENSE	rs781755787	MISSENSE	1.369e-6	2-178568562-A-T
CJD2.noPoN	NA	chr20	4691920	intron	G	A	PASS	NA	NA	[PRNP|hg38|chr20|4691920|4691920|INTRON||SNP|G|G|A|g.chr20:4691920G>A|ENST00000457586.2|+|||c.e1+5184G>A|||0.3516209476309227|TGAGAAGAATGTGTATTCTGC|PRNP_ENST00000430350.2_INTRON/PRNP_ENST00000379440.9_INTRON/PRNP_ENST00000424424.2_INTRON||||||||||||||||||||||||||||91|biliary_tract(2)_%7C_breast(11)_%7C_central_nervous_system(44)_%7C_large_intestine(11)_%7C_lung(1)_%7C_pancreas(22)||||X83416|NM_001080123.3|NP_001073592.1|HGNC:9449|prion_%20_protein|Approved|gene_%20_with_%20_protein_%20_product|protein-coding_%20_gene|PRIP_%2C__%20_GSS_%2C__%20_CJD|""prion_%20_protein_%20_(p27-30)""|CD230_%2C__%20_PRP_%2C__%20_AltPrP|""Creutzfeldt-Jakob_%20_disease""_%2C__%20_""Gerstmann-Strausler-Scheinker_%20_syndrome""_%2C__%20_""fatal_%20_familial_%20_insomnia""_%2C__%20_""p27-30""|20p13|2023-01-20||2008-07-28|M13899||5621|ENSG00000171867||NM_000311|471|CD_%20_molecules|CCDS13080|OTTHUMG00000031786|5621|176640|NM_000311|F7VJQ1_%2C__%20_P04156|ENSG00000171867|uc021wae.3|hg38|OREG1597665|Type_%3D_TRANSCRIPTION_%20_FACTOR_%20_BINDING_%20_SITE_%7C_Gene_Symbol_%3D_PRNP_%7C_Gene_ID_%3D_ENSG00000171867_%7C_Gene_Source_%3D_ENSEMBL_%7C_Regulatory_Element_Symbol_%3D_FOXA1_%7C_Regulatory_Element_ID_%3D_ENST00000250448_%7C_Regulatory_Element_Source_%3D_ENSEMBL_%7C_PMID_%3D_18971253_%7C_Dataset_%3D_PAZAR|APRIO_HUMAN|||F7VJQ1||integral_%20_component_%20_of_%20_membrane_%20_(GO:0016021)_%7C_mitochondrial_%20_outer_%20_membrane_%20_(GO:0005741)||false|false||false|false||false|false|false||false|false|false|false|false|false|false|false|false|false|false|false|false|false|false|false|false|false|false|false|||false|false||false||false||false|false|false||false|||false|||||||||||||||||||||||||||||||||||||||||||||||||||||||||||||||||||||||||||||false|false||]	G/A	4706	4680	26	0.0055248618784530384	PRNP	INTRON	NA	INTRON	NA	20-4691920-G-A
CJD2.noPoN	NA	chr4	105215846	NA	T	G	PASS	NA	NA	[TET2|hg38|chr4|105215846|105215846|INTRON||SNP|T|T|G|g.chr4:105215846T>G|ENST00000513237.5|+|||c.e3-18051T>G|||0.3740648379052369|CCATAACCTTTTTTAGCAGAG|TET2_ENST00000380013.9_INTRON/TET2_ENST00000305737.6_INTRON/TET2_ENST00000413648.2_INTRON/TET2_ENST00000540549.5_INTRON||||||||||||||||||||||||||||45382|NS(562)_%7C_adrenal_gland(32)_%7C_autonomic_ganglia(98)_%7C_biliary_tract(755)_%7C_bone(167)_%7C_breast(4379)_%7C_central_nervous_system(911)_%7C_cervix(179)_%7C_endometrium(329)_%7C_eye(53)_%7C_fallopian_tube(1)_%7C_female_genital_tract_(site_indeterminate)(20)_%7C_gastrointestinal_tract_(site_indeterminate)(68)_%7C_genital_tract(59)_%7C_haematopoietic_and_lymphoid_tissue(23755)_%7C_kidney(655)_%7C_large_intestine(1761)_%7C_liver(157)_%7C_lung(2715)_%7C_meninges(30)_%7C_midline_organs(1)_%7C_oesophagus(145)_%7C_ovary(512)_%7C_pancreas(739)_%7C_penis(8)_%7C_perineum(1)_%7C_peritoneum(19)_%7C_pituitary(3)_%7C_placenta(3)_%7C_pleura(193)_%7C_prostate(1356)_%7C_salivary_gland(311)_%7C_skin(1023)_%7C_small_intestine(62)_%7C_soft_tissue(830)_%7C_stomach(477)_%7C_testis(355)_%7C_thymus(125)_%7C_thyroid(1075)_%7C_upper_aerodigestive_tract(787)_%7C_urinary_tract(618)_%7C_uterine_adnexa(4)_%7C_vagina(2)_%7C_vulva(47)||||AC026029|||HGNC:25941|tet_%20_methylcytosine_%20_dioxygenase_%20_2|Approved|gene_%20_with_%20_protein_%20_product|protein-coding_%20_gene|KIAA1546|""KIAA1546""_%2C__%20_""tet_%20_oncogene_%20_family_%20_member_%20_2""|FLJ20032|""ten-eleven_%20_translocation_%20_2""|4q24|2023-01-20|2008-03-12|2011-09-30|AB046766|1.14.11.n2|54790|ENSG00000168769|10997877_%2C__%20_12646957|NM_017628|2049|Tet_%20_methylcytosine_%20_dioxygenase_%20_family|CCDS47120_%2C__%20_CCDS3666|OTTHUMG00000131213|54790|612839|NM_001127208|Q6N021|ENSG00000168769|uc021xqk.1||||TET2_HUMAN||B5MDU0_%7C_Q2TB88_%7C_Q3LIB8_%7C_Q96JX5_%7C_Q9HCM6_%7C_Q9NXW0|Q6N021|5-methylcytosine_%20_catabolic_%20_process_%20_(GO:0006211)_%7C_cell_%20_cycle_%20_(GO:0007049)_%7C_DNA_%20_demethylation_%20_(GO:0080111)_%7C_histone_%20_H3-K4_%20_trimethylation_%20_(GO:0080182)_%7C_kidney_%20_development_%20_(GO:0001822)_%7C_myeloid_%20_cell_%20_differentiation_%20_(GO:0030099)_%7C_positive_%20_regulation_%20_of_%20_transcription_%20_from_%20_RNA_%20_polymerase_%20_II_%20_promoter_%20_(GO:0045944)_%7C_post-embryonic_%20_development_%20_(GO:0009791)_%7C_protein_%20_O-linked_%20_glycosylation_%20_(GO:0006493)||DNA_%20_binding_%20_(GO:0003677)_%7C_ferrous_%20_iron_%20_binding_%20_(GO:0008198)_%7C_methylcytosine_%20_dioxygenase_%20_activity_%20_(GO:0070579)_%7C_zinc_%20_ion_%20_binding_%20_(GO:0008270)|false|false||false|false||false|false|false||false|false|false|false|false|false|false|false|false|false|false|false|false|false|false|false|false|false|false|false|||false|false||false||false||false|false|false||false|||false|||||||||||||||||||||||||||||||||||||||||||||||||||||||||||||||||||||||||||||false|false||]	T/G	2	0	2	1	TET2	INTRON	NA	INTRON	NA	4-105215846-T-G
CJD21.noPoN	NA	chr2	178585952	NA	T	A	PASS	NA	NA	[TTN|hg38|chr2|178585952|178585952|INTRON||SNP|T|T|A|g.chr2:178585952T>A|ENST00000589042.5|-|||c.e308-553A>T|||0.4014962593516209|TTTGGGTATATACCCAGTAAT|TTN_ENST00000342992.11_INTRON/TTN_ENST00000591111.5_INTRON/TTN_ENST00000460472.6_INTRON/TTN_ENST00000342175.11_INTRON/TTN_ENST00000359218.10_INTRON/TTN-AS1_ENST00000659121.1_RNA/TTN-AS1_ENST00000419746.5_RNA/TTN-AS1_ENST00000657023.1_RNA/TTN-AS1_ENST00000590773.6_RNA/TTN-AS1_ENST00000456053.5_RNA/TTN-AS1_ENST00000592600.6_RNA/TTN-AS1_ENST00000630096.2_RNA/TTN-AS1_ENST00000628826.2_RNA||||||||||||||||||||||||||||3382|biliary_tract(2)_%7C_breast(245)_%7C_central_nervous_system(63)_%7C_haematopoietic_and_lymphoid_tissue(158)_%7C_kidney(299)_%7C_large_intestine(1455)_%7C_liver(19)_%7C_lung(289)_%7C_oesophagus(103)_%7C_ovary(123)_%7C_pancreas(131)_%7C_salivary_gland(14)_%7C_skin(27)_%7C_stomach(158)_%7C_testis(13)_%7C_upper_aerodigestive_tract(283)||||KF459616|NM_001267550.2|NP_001254479.2|HGNC:12403|titin|Approved|gene_%20_with_%20_protein_%20_product|protein-coding_%20_gene|CMD1G|""cardiomyopathy_%2C__%20_dilated_%20_1G_%20_(autosomal_%20_dominant)""|CMPD4_%2C__%20_FLJ32040_%2C__%20_TMD_%2C__%20_CMH9_%2C__%20_LGMD2J_%2C__%20_MYLK5||2q31.2|2023-03-15||2004-02-13|X90568||7273|ENSG00000155657|2129545_%2C__%20_10051295|NM_133378|1668_%7C_593_%7C_555|Myosin_%20_light_%20_chain_%20_kinase_%20_family_%7C_I-set_%20_domain_%20_containing_%7C_Fibronectin_%20_type_%20_III_%20_domain_%20_containing|CCDS59435_%2C__%20_CCDS54422_%2C__%20_CCDS54423_%2C__%20_CCDS54424_%2C__%20_CCDS33337_%2C__%20_CCDS54421|OTTHUMG00000154448|7273|188840|NM_001256850|Q8WZ42|ENSG00000155657|uc031rqc.3||||TITIN_HUMAN||A6NKB1_%7C_E7EQE6_%7C_E7ET18_%7C_K7ENY1_%7C_Q10465_%7C_Q10466_%7C_Q15598_%7C_Q2XUS3_%7C_Q32Q60_%7C_Q4U1Z6_%7C_Q4ZG20_%7C_Q6NSG0_%7C_Q6PDB1_%7C_Q6PJP0_%7C_Q7KYM2_%7C_Q7KYN4_%7C_Q7KYN5_%7C_Q7LDM3_%7C_Q7Z2X3_%7C_Q8TCG8_%7C_Q8WZ42_%7C_Q8WZ51_%7C_Q8WZ52_%7C_Q8WZ53_%7C_Q8WZB3_%7C_Q92761_%7C_Q92762_%7C_Q9UD97_%7C_Q9UP84_%7C_Q9Y6L9|Q8WZ42|adult_%20_heart_%20_development_%20_(GO:0007512)_%7C_blood_%20_coagulation_%20_(GO:0007596)_%7C_cardiac_%20_muscle_%20_contraction_%20_(GO:0060048)_%7C_cardiac_%20_muscle_%20_fiber_%20_development_%20_(GO:0048739)_%7C_cardiac_%20_muscle_%20_hypertrophy_%20_(GO:0003300)_%7C_cardiac_%20_muscle_%20_tissue_%20_morphogenesis_%20_(GO:0055008)_%7C_cardiac_%20_myofibril_%20_assembly_%20_(GO:0055003)_%7C_detection_%20_of_%20_muscle_%20_stretch_%20_(GO:0035995)_%7C_forward_%20_locomotion_%20_(GO:0043056)_%7C_in_%20_utero_%20_embryonic_%20_development_%20_(GO:0001701)_%7C_mitotic_%20_chromosome_%20_condensation_%20_(GO:0007076)_%7C_muscle_%20_contraction_%20_(GO:0006936)_%7C_muscle_%20_filament_%20_sliding_%20_(GO:0030049)_%7C_platelet_%20_activation_%20_(GO:0030168)_%7C_platelet_%20_degranulation_%20_(GO:0002576)_%7C_regulation_%20_of_%20_catalytic_%20_activity_%20_(GO:0050790)_%7C_regulation_%20_of_%20_protein_%20_kinase_%20_activity_%20_(GO:0045859)_%7C_regulation_%20_of_%20_relaxation_%20_of_%20_cardiac_%20_muscle_%20_(GO:1901897)_%7C_response_%20_to_%20_calcium_%20_ion_%20_(GO:0051592)_%7C_sarcomere_%20_organization_%20_(GO:0045214)_%7C_sarcomerogenesis_%20_(GO:0048769)_%7C_skeletal_%20_muscle_%20_myosin_%20_thick_%20_filament_%20_assembly_%20_(GO:0030241)_%7C_skeletal_%20_muscle_%20_thin_%20_filament_%20_assembly_%20_(GO:0030240)_%7C_somitogenesis_%20_(GO:0001756)_%7C_striated_%20_muscle_%20_contraction_%20_(GO:0006941)|condensed_%20_nuclear_%20_chromosome_%20_(GO:0000794)_%7C_cytoplasm_%20_(GO:0005737)_%7C_cytosol_%20_(GO:0005829)_%7C_extracellular_%20_region_%20_(GO:0005576)_%7C_extracellular_%20_vesicular_%20_exosome_%20_(GO:0070062)_%7C_Golgi_%20_apparatus_%20_(GO:0005794)_%7C_I_%20_band_%20_(GO:0031674)_%7C_M_%20_band_%20_(GO:0031430)_%7C_nucleus_%20_(GO:0005634)_%7C_striated_%20_muscle_%20_thin_%20_filament_%20_(GO:0005865)_%7C_Z_%20_disc_%20_(GO:0030018)|actin_%20_filament_%20_binding_%20_(GO:0051015)_%7C_actinin_%20_binding_%20_(GO:0042805)_%7C_ATP_%20_binding_%20_(GO:0005524)_%7C_calcium_%20_ion_%20_binding_%20_(GO:0005509)_%7C_calmodulin_%20_binding_%20_(GO:0005516)_%7C_enzyme_%20_binding_%20_(GO:0019899)_%7C_identical_%20_protein_%20_binding_%20_(GO:0042802)_%7C_muscle_%20_alpha-actinin_%20_binding_%20_(GO:0051371)_%7C_protease_%20_binding_%20_(GO:0002020)_%7C_protein_%20_kinase_%20_binding_%20_(GO:0019901)_%7C_protein_%20_self-association_%20_(GO:0043621)_%7C_protein_%20_serine/threonine_%20_kinase_%20_activity_%20_(GO:0004674)_%7C_structural_%20_constituent_%20_of_%20_muscle_%20_(GO:0008307)_%7C_structural_%20_molecule_%20_activity_%20_conferring_%20_elasticity_%20_(GO:0097493)_%7C_telethonin_%20_binding_%20_(GO:0031433)|false|false||false|false||false|false|false||false|false|false|false|false|false|false|false|false|false|false|false|false|false|false|false|false|false|false|false|||false|false||false||false||false|false|false||false|||false|||||||||||||||||||||||||||||||||||||||||||||||||||||||||||||||||||||||||||||false|false||]	T/A	2	0	2	1	TTN	INTRON	NA	INTRON	NA	2-178585952-T-A
CJD21.noPoN	NA	chr2	178585984	NA	A	T	PASS	NA	NA	[TTN|hg38|chr2|178585984|178585984|INTRON||SNP|A|A|T|g.chr2:178585984A>T|ENST00000589042.5|-|||c.e308-521T>A|||0.39650872817955113|GTCAAATGGTATTTCTGGTTC|TTN_ENST00000342992.11_INTRON/TTN_ENST00000591111.5_INTRON/TTN_ENST00000460472.6_INTRON/TTN_ENST00000342175.11_INTRON/TTN_ENST00000359218.10_INTRON/TTN-AS1_ENST00000659121.1_RNA/TTN-AS1_ENST00000419746.5_RNA/TTN-AS1_ENST00000657023.1_RNA/TTN-AS1_ENST00000590773.6_RNA/TTN-AS1_ENST00000456053.5_RNA/TTN-AS1_ENST00000592600.6_RNA/TTN-AS1_ENST00000630096.2_RNA/TTN-AS1_ENST00000628826.2_RNA||||||||||||||||||||||||||||3382|biliary_tract(2)_%7C_breast(245)_%7C_central_nervous_system(63)_%7C_haematopoietic_and_lymphoid_tissue(158)_%7C_kidney(299)_%7C_large_intestine(1455)_%7C_liver(19)_%7C_lung(289)_%7C_oesophagus(103)_%7C_ovary(123)_%7C_pancreas(131)_%7C_salivary_gland(14)_%7C_skin(27)_%7C_stomach(158)_%7C_testis(13)_%7C_upper_aerodigestive_tract(283)||||KF459616|NM_001267550.2|NP_001254479.2|HGNC:12403|titin|Approved|gene_%20_with_%20_protein_%20_product|protein-coding_%20_gene|CMD1G|""cardiomyopathy_%2C__%20_dilated_%20_1G_%20_(autosomal_%20_dominant)""|CMPD4_%2C__%20_FLJ32040_%2C__%20_TMD_%2C__%20_CMH9_%2C__%20_LGMD2J_%2C__%20_MYLK5||2q31.2|2023-03-15||2004-02-13|X90568||7273|ENSG00000155657|2129545_%2C__%20_10051295|NM_133378|1668_%7C_593_%7C_555|Myosin_%20_light_%20_chain_%20_kinase_%20_family_%7C_I-set_%20_domain_%20_containing_%7C_Fibronectin_%20_type_%20_III_%20_domain_%20_containing|CCDS59435_%2C__%20_CCDS54422_%2C__%20_CCDS54423_%2C__%20_CCDS54424_%2C__%20_CCDS33337_%2C__%20_CCDS54421|OTTHUMG00000154448|7273|188840|NM_001256850|Q8WZ42|ENSG00000155657|uc031rqc.3||||TITIN_HUMAN||A6NKB1_%7C_E7EQE6_%7C_E7ET18_%7C_K7ENY1_%7C_Q10465_%7C_Q10466_%7C_Q15598_%7C_Q2XUS3_%7C_Q32Q60_%7C_Q4U1Z6_%7C_Q4ZG20_%7C_Q6NSG0_%7C_Q6PDB1_%7C_Q6PJP0_%7C_Q7KYM2_%7C_Q7KYN4_%7C_Q7KYN5_%7C_Q7LDM3_%7C_Q7Z2X3_%7C_Q8TCG8_%7C_Q8WZ42_%7C_Q8WZ51_%7C_Q8WZ52_%7C_Q8WZ53_%7C_Q8WZB3_%7C_Q92761_%7C_Q92762_%7C_Q9UD97_%7C_Q9UP84_%7C_Q9Y6L9|Q8WZ42|adult_%20_heart_%20_development_%20_(GO:0007512)_%7C_blood_%20_coagulation_%20_(GO:0007596)_%7C_cardiac_%20_muscle_%20_contraction_%20_(GO:0060048)_%7C_cardiac_%20_muscle_%20_fiber_%20_development_%20_(GO:0048739)_%7C_cardiac_%20_muscle_%20_hypertrophy_%20_(GO:0003300)_%7C_cardiac_%20_muscle_%20_tissue_%20_morphogenesis_%20_(GO:0055008)_%7C_cardiac_%20_myofibril_%20_assembly_%20_(GO:0055003)_%7C_detection_%20_of_%20_muscle_%20_stretch_%20_(GO:0035995)_%7C_forward_%20_locomotion_%20_(GO:0043056)_%7C_in_%20_utero_%20_embryonic_%20_development_%20_(GO:0001701)_%7C_mitotic_%20_chromosome_%20_condensation_%20_(GO:0007076)_%7C_muscle_%20_contraction_%20_(GO:0006936)_%7C_muscle_%20_filament_%20_sliding_%20_(GO:0030049)_%7C_platelet_%20_activation_%20_(GO:0030168)_%7C_platelet_%20_degranulation_%20_(GO:0002576)_%7C_regulation_%20_of_%20_catalytic_%20_activity_%20_(GO:0050790)_%7C_regulation_%20_of_%20_protein_%20_kinase_%20_activity_%20_(GO:0045859)_%7C_regulation_%20_of_%20_relaxation_%20_of_%20_cardiac_%20_muscle_%20_(GO:1901897)_%7C_response_%20_to_%20_calcium_%20_ion_%20_(GO:0051592)_%7C_sarcomere_%20_organization_%20_(GO:0045214)_%7C_sarcomerogenesis_%20_(GO:0048769)_%7C_skeletal_%20_muscle_%20_myosin_%20_thick_%20_filament_%20_assembly_%20_(GO:0030241)_%7C_skeletal_%20_muscle_%20_thin_%20_filament_%20_assembly_%20_(GO:0030240)_%7C_somitogenesis_%20_(GO:0001756)_%7C_striated_%20_muscle_%20_contraction_%20_(GO:0006941)|condensed_%20_nuclear_%20_chromosome_%20_(GO:0000794)_%7C_cytoplasm_%20_(GO:0005737)_%7C_cytosol_%20_(GO:0005829)_%7C_extracellular_%20_region_%20_(GO:0005576)_%7C_extracellular_%20_vesicular_%20_exosome_%20_(GO:0070062)_%7C_Golgi_%20_apparatus_%20_(GO:0005794)_%7C_I_%20_band_%20_(GO:0031674)_%7C_M_%20_band_%20_(GO:0031430)_%7C_nucleus_%20_(GO:0005634)_%7C_striated_%20_muscle_%20_thin_%20_filament_%20_(GO:0005865)_%7C_Z_%20_disc_%20_(GO:0030018)|actin_%20_filament_%20_binding_%20_(GO:0051015)_%7C_actinin_%20_binding_%20_(GO:0042805)_%7C_ATP_%20_binding_%20_(GO:0005524)_%7C_calcium_%20_ion_%20_binding_%20_(GO:0005509)_%7C_calmodulin_%20_binding_%20_(GO:0005516)_%7C_enzyme_%20_binding_%20_(GO:0019899)_%7C_identical_%20_protein_%20_binding_%20_(GO:0042802)_%7C_muscle_%20_alpha-actinin_%20_binding_%20_(GO:0051371)_%7C_protease_%20_binding_%20_(GO:0002020)_%7C_protein_%20_kinase_%20_binding_%20_(GO:0019901)_%7C_protein_%20_self-association_%20_(GO:0043621)_%7C_protein_%20_serine/threonine_%20_kinase_%20_activity_%20_(GO:0004674)_%7C_structural_%20_constituent_%20_of_%20_muscle_%20_(GO:0008307)_%7C_structural_%20_molecule_%20_activity_%20_conferring_%20_elasticity_%20_(GO:0097493)_%7C_telethonin_%20_binding_%20_(GO:0031433)|false|false||false|false||false|false|false||false|false|false|false|false|false|false|false|false|false|false|false|false|false|false|false|false|false|false|false|||false|false||false||false||false|false|false||false|||false|||||||||||||||||||||||||||||||||||||||||||||||||||||||||||||||||||||||||||||false|false||]	A/T	2	0	2	1	TTN	INTRON	NA	INTRON	NA	2-178585984-A-T
CJD21.noPoN	NA	chr2	178698399	NA	T	A	PASS	NA	NA	[TTN|hg38|chr2|178698399|178698399|INTRON||SNP|T|T|A|g.chr2:178698399T>A|ENST00000589042.5|-|||c.e112-444A>T|||0.3117206982543641|CACAAAAATGTTAAGTATTTG|TTN_ENST00000342992.11_INTRON/TTN_ENST00000591111.5_INTRON/TTN_ENST00000460472.6_INTRON/TTN_ENST00000342175.11_INTRON/TTN_ENST00000359218.10_INTRON/TTN-AS1_ENST00000659121.1_RNA/TTN-AS1_ENST00000657023.1_RNA/TTN-AS1_ENST00000590773.6_RNA/TTN-AS1_ENST00000592600.6_RNA||||||||||||||||||||||||||||3382|biliary_tract(2)_%7C_breast(245)_%7C_central_nervous_system(63)_%7C_haematopoietic_and_lymphoid_tissue(158)_%7C_kidney(299)_%7C_large_intestine(1455)_%7C_liver(19)_%7C_lung(289)_%7C_oesophagus(103)_%7C_ovary(123)_%7C_pancreas(131)_%7C_salivary_gland(14)_%7C_skin(27)_%7C_stomach(158)_%7C_testis(13)_%7C_upper_aerodigestive_tract(283)||||KF459616|NM_001267550.2|NP_001254479.2|HGNC:12403|titin|Approved|gene_%20_with_%20_protein_%20_product|protein-coding_%20_gene|CMD1G|""cardiomyopathy_%2C__%20_dilated_%20_1G_%20_(autosomal_%20_dominant)""|CMPD4_%2C__%20_FLJ32040_%2C__%20_TMD_%2C__%20_CMH9_%2C__%20_LGMD2J_%2C__%20_MYLK5||2q31.2|2023-03-15||2004-02-13|X90568||7273|ENSG00000155657|2129545_%2C__%20_10051295|NM_133378|1668_%7C_593_%7C_555|Myosin_%20_light_%20_chain_%20_kinase_%20_family_%7C_I-set_%20_domain_%20_containing_%7C_Fibronectin_%20_type_%20_III_%20_domain_%20_containing|CCDS59435_%2C__%20_CCDS54422_%2C__%20_CCDS54423_%2C__%20_CCDS54424_%2C__%20_CCDS33337_%2C__%20_CCDS54421|OTTHUMG00000154448|7273|188840|NM_001256850|Q8WZ42|ENSG00000155657|uc031rqc.3||||TITIN_HUMAN||A6NKB1_%7C_E7EQE6_%7C_E7ET18_%7C_K7ENY1_%7C_Q10465_%7C_Q10466_%7C_Q15598_%7C_Q2XUS3_%7C_Q32Q60_%7C_Q4U1Z6_%7C_Q4ZG20_%7C_Q6NSG0_%7C_Q6PDB1_%7C_Q6PJP0_%7C_Q7KYM2_%7C_Q7KYN4_%7C_Q7KYN5_%7C_Q7LDM3_%7C_Q7Z2X3_%7C_Q8TCG8_%7C_Q8WZ42_%7C_Q8WZ51_%7C_Q8WZ52_%7C_Q8WZ53_%7C_Q8WZB3_%7C_Q92761_%7C_Q92762_%7C_Q9UD97_%7C_Q9UP84_%7C_Q9Y6L9|Q8WZ42|adult_%20_heart_%20_development_%20_(GO:0007512)_%7C_blood_%20_coagulation_%20_(GO:0007596)_%7C_cardiac_%20_muscle_%20_contraction_%20_(GO:0060048)_%7C_cardiac_%20_muscle_%20_fiber_%20_development_%20_(GO:0048739)_%7C_cardiac_%20_muscle_%20_hypertrophy_%20_(GO:0003300)_%7C_cardiac_%20_muscle_%20_tissue_%20_morphogenesis_%20_(GO:0055008)_%7C_cardiac_%20_myofibril_%20_assembly_%20_(GO:0055003)_%7C_detection_%20_of_%20_muscle_%20_stretch_%20_(GO:0035995)_%7C_forward_%20_locomotion_%20_(GO:0043056)_%7C_in_%20_utero_%20_embryonic_%20_development_%20_(GO:0001701)_%7C_mitotic_%20_chromosome_%20_condensation_%20_(GO:0007076)_%7C_muscle_%20_contraction_%20_(GO:0006936)_%7C_muscle_%20_filament_%20_sliding_%20_(GO:0030049)_%7C_platelet_%20_activation_%20_(GO:0030168)_%7C_platelet_%20_degranulation_%20_(GO:0002576)_%7C_regulation_%20_of_%20_catalytic_%20_activity_%20_(GO:0050790)_%7C_regulation_%20_of_%20_protein_%20_kinase_%20_activity_%20_(GO:0045859)_%7C_regulation_%20_of_%20_relaxation_%20_of_%20_cardiac_%20_muscle_%20_(GO:1901897)_%7C_response_%20_to_%20_calcium_%20_ion_%20_(GO:0051592)_%7C_sarcomere_%20_organization_%20_(GO:0045214)_%7C_sarcomerogenesis_%20_(GO:0048769)_%7C_skeletal_%20_muscle_%20_myosin_%20_thick_%20_filament_%20_assembly_%20_(GO:0030241)_%7C_skeletal_%20_muscle_%20_thin_%20_filament_%20_assembly_%20_(GO:0030240)_%7C_somitogenesis_%20_(GO:0001756)_%7C_striated_%20_muscle_%20_contraction_%20_(GO:0006941)|condensed_%20_nuclear_%20_chromosome_%20_(GO:0000794)_%7C_cytoplasm_%20_(GO:0005737)_%7C_cytosol_%20_(GO:0005829)_%7C_extracellular_%20_region_%20_(GO:0005576)_%7C_extracellular_%20_vesicular_%20_exosome_%20_(GO:0070062)_%7C_Golgi_%20_apparatus_%20_(GO:0005794)_%7C_I_%20_band_%20_(GO:0031674)_%7C_M_%20_band_%20_(GO:0031430)_%7C_nucleus_%20_(GO:0005634)_%7C_striated_%20_muscle_%20_thin_%20_filament_%20_(GO:0005865)_%7C_Z_%20_disc_%20_(GO:0030018)|actin_%20_filament_%20_binding_%20_(GO:0051015)_%7C_actinin_%20_binding_%20_(GO:0042805)_%7C_ATP_%20_binding_%20_(GO:0005524)_%7C_calcium_%20_ion_%20_binding_%20_(GO:0005509)_%7C_calmodulin_%20_binding_%20_(GO:0005516)_%7C_enzyme_%20_binding_%20_(GO:0019899)_%7C_identical_%20_protein_%20_binding_%20_(GO:0042802)_%7C_muscle_%20_alpha-actinin_%20_binding_%20_(GO:0051371)_%7C_protease_%20_binding_%20_(GO:0002020)_%7C_protein_%20_kinase_%20_binding_%20_(GO:0019901)_%7C_protein_%20_self-association_%20_(GO:0043621)_%7C_protein_%20_serine/threonine_%20_kinase_%20_activity_%20_(GO:0004674)_%7C_structural_%20_constituent_%20_of_%20_muscle_%20_(GO:0008307)_%7C_structural_%20_molecule_%20_activity_%20_conferring_%20_elasticity_%20_(GO:0097493)_%7C_telethonin_%20_binding_%20_(GO:0031433)|false|false||false|false||false|false|false||false|false|false|false|false|false|false|false|false|false|false|false|false|false|false|false|false|false|false|false|||false|false||false||false||false|false|false||false|||false|||||||||||||||||||||||||||||||||||||||||||||||||||||||||||||||||||||||||||||false|false||]	T|A	1	0	1	1	TTN	INTRON	NA	INTRON	NA	2-178698399-T-A
CJD21.noPoN	NA	chr2	178698412	NA	G	A	PASS	NA	NA	[TTN|hg38|chr2|178698412|178698412|INTRON||SNP|G|G|A|g.chr2:178698412G>A|ENST00000589042.5|-|||c.e112-431C>T|||0.314214463840399|AGTATTTGAGGTGATGGATAT|TTN_ENST00000342992.11_INTRON/TTN_ENST00000591111.5_INTRON/TTN_ENST00000460472.6_INTRON/TTN_ENST00000342175.11_INTRON/TTN_ENST00000359218.10_INTRON/TTN-AS1_ENST00000659121.1_RNA/TTN-AS1_ENST00000657023.1_RNA/TTN-AS1_ENST00000590773.6_RNA/TTN-AS1_ENST00000592600.6_RNA||||||||||||||||||||||||||||3382|biliary_tract(2)_%7C_breast(245)_%7C_central_nervous_system(63)_%7C_haematopoietic_and_lymphoid_tissue(158)_%7C_kidney(299)_%7C_large_intestine(1455)_%7C_liver(19)_%7C_lung(289)_%7C_oesophagus(103)_%7C_ovary(123)_%7C_pancreas(131)_%7C_salivary_gland(14)_%7C_skin(27)_%7C_stomach(158)_%7C_testis(13)_%7C_upper_aerodigestive_tract(283)||||KF459616|NM_001267550.2|NP_001254479.2|HGNC:12403|titin|Approved|gene_%20_with_%20_protein_%20_product|protein-coding_%20_gene|CMD1G|""cardiomyopathy_%2C__%20_dilated_%20_1G_%20_(autosomal_%20_dominant)""|CMPD4_%2C__%20_FLJ32040_%2C__%20_TMD_%2C__%20_CMH9_%2C__%20_LGMD2J_%2C__%20_MYLK5||2q31.2|2023-03-15||2004-02-13|X90568||7273|ENSG00000155657|2129545_%2C__%20_10051295|NM_133378|1668_%7C_593_%7C_555|Myosin_%20_light_%20_chain_%20_kinase_%20_family_%7C_I-set_%20_domain_%20_containing_%7C_Fibronectin_%20_type_%20_III_%20_domain_%20_containing|CCDS59435_%2C__%20_CCDS54422_%2C__%20_CCDS54423_%2C__%20_CCDS54424_%2C__%20_CCDS33337_%2C__%20_CCDS54421|OTTHUMG00000154448|7273|188840|NM_001256850|Q8WZ42|ENSG00000155657|uc031rqc.3||||TITIN_HUMAN||A6NKB1_%7C_E7EQE6_%7C_E7ET18_%7C_K7ENY1_%7C_Q10465_%7C_Q10466_%7C_Q15598_%7C_Q2XUS3_%7C_Q32Q60_%7C_Q4U1Z6_%7C_Q4ZG20_%7C_Q6NSG0_%7C_Q6PDB1_%7C_Q6PJP0_%7C_Q7KYM2_%7C_Q7KYN4_%7C_Q7KYN5_%7C_Q7LDM3_%7C_Q7Z2X3_%7C_Q8TCG8_%7C_Q8WZ42_%7C_Q8WZ51_%7C_Q8WZ52_%7C_Q8WZ53_%7C_Q8WZB3_%7C_Q92761_%7C_Q92762_%7C_Q9UD97_%7C_Q9UP84_%7C_Q9Y6L9|Q8WZ42|adult_%20_heart_%20_development_%20_(GO:0007512)_%7C_blood_%20_coagulation_%20_(GO:0007596)_%7C_cardiac_%20_muscle_%20_contraction_%20_(GO:0060048)_%7C_cardiac_%20_muscle_%20_fiber_%20_development_%20_(GO:0048739)_%7C_cardiac_%20_muscle_%20_hypertrophy_%20_(GO:0003300)_%7C_cardiac_%20_muscle_%20_tissue_%20_morphogenesis_%20_(GO:0055008)_%7C_cardiac_%20_myofibril_%20_assembly_%20_(GO:0055003)_%7C_detection_%20_of_%20_muscle_%20_stretch_%20_(GO:0035995)_%7C_forward_%20_locomotion_%20_(GO:0043056)_%7C_in_%20_utero_%20_embryonic_%20_development_%20_(GO:0001701)_%7C_mitotic_%20_chromosome_%20_condensation_%20_(GO:0007076)_%7C_muscle_%20_contraction_%20_(GO:0006936)_%7C_muscle_%20_filament_%20_sliding_%20_(GO:0030049)_%7C_platelet_%20_activation_%20_(GO:0030168)_%7C_platelet_%20_degranulation_%20_(GO:0002576)_%7C_regulation_%20_of_%20_catalytic_%20_activity_%20_(GO:0050790)_%7C_regulation_%20_of_%20_protein_%20_kinase_%20_activity_%20_(GO:0045859)_%7C_regulation_%20_of_%20_relaxation_%20_of_%20_cardiac_%20_muscle_%20_(GO:1901897)_%7C_response_%20_to_%20_calcium_%20_ion_%20_(GO:0051592)_%7C_sarcomere_%20_organization_%20_(GO:0045214)_%7C_sarcomerogenesis_%20_(GO:0048769)_%7C_skeletal_%20_muscle_%20_myosin_%20_thick_%20_filament_%20_assembly_%20_(GO:0030241)_%7C_skeletal_%20_muscle_%20_thin_%20_filament_%20_assembly_%20_(GO:0030240)_%7C_somitogenesis_%20_(GO:0001756)_%7C_striated_%20_muscle_%20_contraction_%20_(GO:0006941)|condensed_%20_nuclear_%20_chromosome_%20_(GO:0000794)_%7C_cytoplasm_%20_(GO:0005737)_%7C_cytosol_%20_(GO:0005829)_%7C_extracellular_%20_region_%20_(GO:0005576)_%7C_extracellular_%20_vesicular_%20_exosome_%20_(GO:0070062)_%7C_Golgi_%20_apparatus_%20_(GO:0005794)_%7C_I_%20_band_%20_(GO:0031674)_%7C_M_%20_band_%20_(GO:0031430)_%7C_nucleus_%20_(GO:0005634)_%7C_striated_%20_muscle_%20_thin_%20_filament_%20_(GO:0005865)_%7C_Z_%20_disc_%20_(GO:0030018)|actin_%20_filament_%20_binding_%20_(GO:0051015)_%7C_actinin_%20_binding_%20_(GO:0042805)_%7C_ATP_%20_binding_%20_(GO:0005524)_%7C_calcium_%20_ion_%20_binding_%20_(GO:0005509)_%7C_calmodulin_%20_binding_%20_(GO:0005516)_%7C_enzyme_%20_binding_%20_(GO:0019899)_%7C_identical_%20_protein_%20_binding_%20_(GO:0042802)_%7C_muscle_%20_alpha-actinin_%20_binding_%20_(GO:0051371)_%7C_protease_%20_binding_%20_(GO:0002020)_%7C_protein_%20_kinase_%20_binding_%20_(GO:0019901)_%7C_protein_%20_self-association_%20_(GO:0043621)_%7C_protein_%20_serine/threonine_%20_kinase_%20_activity_%20_(GO:0004674)_%7C_structural_%20_constituent_%20_of_%20_muscle_%20_(GO:0008307)_%7C_structural_%20_molecule_%20_activity_%20_conferring_%20_elasticity_%20_(GO:0097493)_%7C_telethonin_%20_binding_%20_(GO:0031433)|false|false||false|false||false|false|false||false|false|false|false|false|false|false|false|false|false|false|false|false|false|false|false|false|false|false|false|||false|false||false||false||false|false|false||false|||false|||||||||||||||||||||||||||||||||||||||||||||||||||||||||||||||||||||||||||||false|false||]	G|A	1	0	1	1	TTN	INTRON	NA	INTRON	NA	2-178698412-G-A
CJD22.noPoN	NA	chr20	4694249	intron	T	C	PASS	NA	NA	[PRNP|hg38|chr20|4694249|4694249|INTRON||SNP|T|T|C|g.chr20:4694249T>C|ENST00000457586.2|+|||c.e2-4962T>C|||0.35910224438902744|ACCTGTAATCTCAGCACTTTG|PRNP_ENST00000430350.2_INTRON/PRNP_ENST00000379440.9_INTRON/PRNP_ENST00000424424.2_INTRON||||||||||||||||||||||||||||91|biliary_tract(2)_%7C_breast(11)_%7C_central_nervous_system(44)_%7C_large_intestine(11)_%7C_lung(1)_%7C_pancreas(22)||||X83416|NM_001080123.3|NP_001073592.1|HGNC:9449|prion_%20_protein|Approved|gene_%20_with_%20_protein_%20_product|protein-coding_%20_gene|PRIP_%2C__%20_GSS_%2C__%20_CJD|""prion_%20_protein_%20_(p27-30)""|CD230_%2C__%20_PRP_%2C__%20_AltPrP|""Creutzfeldt-Jakob_%20_disease""_%2C__%20_""Gerstmann-Strausler-Scheinker_%20_syndrome""_%2C__%20_""fatal_%20_familial_%20_insomnia""_%2C__%20_""p27-30""|20p13|2023-01-20||2008-07-28|M13899||5621|ENSG00000171867||NM_000311|471|CD_%20_molecules|CCDS13080|OTTHUMG00000031786|5621|176640|NM_000311|F7VJQ1_%2C__%20_P04156|ENSG00000171867|uc021wae.3||||APRIO_HUMAN|||F7VJQ1||integral_%20_component_%20_of_%20_membrane_%20_(GO:0016021)_%7C_mitochondrial_%20_outer_%20_membrane_%20_(GO:0005741)||true|false||false|false||false|false|false|PRNP:5621|false|false|true|false|false|false|false|false|false|false|false|false|false|false|false|false|false|false|false|false|996098774|4694249|false|false|0|false|0|false||false|false|false|SNV|false|0x050000080005000002000100|1|false|150|rs996098774|||||||||||||||||||||||||||||||||||||||||||||||||||||||||||||||||||||||||||false|false||]	T/C	464	450	14	0.03017241379310345	PRNP	INTRON	NA	INTRON	NA	20-4694249-T-C
CJD23.noPoN	NA	chr2	178649895	NA	C	T	PASS	NA	NA	[TTN|hg38|chr2|178649895|178649895|SPLICE_SITE|INTRON|SNP|C|C|T|g.chr2:178649895C>T|ENST00000589042.5|-|||c.e211+1G>A|c.e211-1||0.32418952618453867|TCTTCAGGCACTTGAATAATA|TTN_ENST00000342992.11_SPLICE_SITE/TTN_ENST00000591111.5_SPLICE_SITE/TTN_ENST00000460472.6_INTRON/TTN_ENST00000342175.11_INTRON/TTN_ENST00000359218.10_INTRON/TTN-AS1_ENST00000659121.1_RNA/TTN-AS1_ENST00000657023.1_RNA/TTN-AS1_ENST00000590773.6_RNA/TTN-AS1_ENST00000592600.6_RNA/TTN-AS1_ENST00000589487.5_RNA||||||||||||||||||||||||||||3382|biliary_tract(2)_%7C_breast(245)_%7C_central_nervous_system(63)_%7C_haematopoietic_and_lymphoid_tissue(158)_%7C_kidney(299)_%7C_large_intestine(1455)_%7C_liver(19)_%7C_lung(289)_%7C_oesophagus(103)_%7C_ovary(123)_%7C_pancreas(131)_%7C_salivary_gland(14)_%7C_skin(27)_%7C_stomach(158)_%7C_testis(13)_%7C_upper_aerodigestive_tract(283)||||KF459616|NM_001267550.2|NP_001254479.2|HGNC:12403|titin|Approved|gene_%20_with_%20_protein_%20_product|protein-coding_%20_gene|CMD1G|""cardiomyopathy_%2C__%20_dilated_%20_1G_%20_(autosomal_%20_dominant)""|CMPD4_%2C__%20_FLJ32040_%2C__%20_TMD_%2C__%20_CMH9_%2C__%20_LGMD2J_%2C__%20_MYLK5||2q31.2|2023-03-15||2004-02-13|X90568||7273|ENSG00000155657|2129545_%2C__%20_10051295|NM_133378|1668_%7C_593_%7C_555|Myosin_%20_light_%20_chain_%20_kinase_%20_family_%7C_I-set_%20_domain_%20_containing_%7C_Fibronectin_%20_type_%20_III_%20_domain_%20_containing|CCDS59435_%2C__%20_CCDS54422_%2C__%20_CCDS54423_%2C__%20_CCDS54424_%2C__%20_CCDS33337_%2C__%20_CCDS54421|OTTHUMG00000154448|7273|188840|NM_001256850|Q8WZ42|ENSG00000155657|uc031rqc.3||||TITIN_HUMAN||A6NKB1_%7C_E7EQE6_%7C_E7ET18_%7C_K7ENY1_%7C_Q10465_%7C_Q10466_%7C_Q15598_%7C_Q2XUS3_%7C_Q32Q60_%7C_Q4U1Z6_%7C_Q4ZG20_%7C_Q6NSG0_%7C_Q6PDB1_%7C_Q6PJP0_%7C_Q7KYM2_%7C_Q7KYN4_%7C_Q7KYN5_%7C_Q7LDM3_%7C_Q7Z2X3_%7C_Q8TCG8_%7C_Q8WZ42_%7C_Q8WZ51_%7C_Q8WZ52_%7C_Q8WZ53_%7C_Q8WZB3_%7C_Q92761_%7C_Q92762_%7C_Q9UD97_%7C_Q9UP84_%7C_Q9Y6L9|Q8WZ42|adult_%20_heart_%20_development_%20_(GO:0007512)_%7C_blood_%20_coagulation_%20_(GO:0007596)_%7C_cardiac_%20_muscle_%20_contraction_%20_(GO:0060048)_%7C_cardiac_%20_muscle_%20_fiber_%20_development_%20_(GO:0048739)_%7C_cardiac_%20_muscle_%20_hypertrophy_%20_(GO:0003300)_%7C_cardiac_%20_muscle_%20_tissue_%20_morphogenesis_%20_(GO:0055008)_%7C_cardiac_%20_myofibril_%20_assembly_%20_(GO:0055003)_%7C_detection_%20_of_%20_muscle_%20_stretch_%20_(GO:0035995)_%7C_forward_%20_locomotion_%20_(GO:0043056)_%7C_in_%20_utero_%20_embryonic_%20_development_%20_(GO:0001701)_%7C_mitotic_%20_chromosome_%20_condensation_%20_(GO:0007076)_%7C_muscle_%20_contraction_%20_(GO:0006936)_%7C_muscle_%20_filament_%20_sliding_%20_(GO:0030049)_%7C_platelet_%20_activation_%20_(GO:0030168)_%7C_platelet_%20_degranulation_%20_(GO:0002576)_%7C_regulation_%20_of_%20_catalytic_%20_activity_%20_(GO:0050790)_%7C_regulation_%20_of_%20_protein_%20_kinase_%20_activity_%20_(GO:0045859)_%7C_regulation_%20_of_%20_relaxation_%20_of_%20_cardiac_%20_muscle_%20_(GO:1901897)_%7C_response_%20_to_%20_calcium_%20_ion_%20_(GO:0051592)_%7C_sarcomere_%20_organization_%20_(GO:0045214)_%7C_sarcomerogenesis_%20_(GO:0048769)_%7C_skeletal_%20_muscle_%20_myosin_%20_thick_%20_filament_%20_assembly_%20_(GO:0030241)_%7C_skeletal_%20_muscle_%20_thin_%20_filament_%20_assembly_%20_(GO:0030240)_%7C_somitogenesis_%20_(GO:0001756)_%7C_striated_%20_muscle_%20_contraction_%20_(GO:0006941)|condensed_%20_nuclear_%20_chromosome_%20_(GO:0000794)_%7C_cytoplasm_%20_(GO:0005737)_%7C_cytosol_%20_(GO:0005829)_%7C_extracellular_%20_region_%20_(GO:0005576)_%7C_extracellular_%20_vesicular_%20_exosome_%20_(GO:0070062)_%7C_Golgi_%20_apparatus_%20_(GO:0005794)_%7C_I_%20_band_%20_(GO:0031674)_%7C_M_%20_band_%20_(GO:0031430)_%7C_nucleus_%20_(GO:0005634)_%7C_striated_%20_muscle_%20_thin_%20_filament_%20_(GO:0005865)_%7C_Z_%20_disc_%20_(GO:0030018)|actin_%20_filament_%20_binding_%20_(GO:0051015)_%7C_actinin_%20_binding_%20_(GO:0042805)_%7C_ATP_%20_binding_%20_(GO:0005524)_%7C_calcium_%20_ion_%20_binding_%20_(GO:0005509)_%7C_calmodulin_%20_binding_%20_(GO:0005516)_%7C_enzyme_%20_binding_%20_(GO:0019899)_%7C_identical_%20_protein_%20_binding_%20_(GO:0042802)_%7C_muscle_%20_alpha-actinin_%20_binding_%20_(GO:0051371)_%7C_protease_%20_binding_%20_(GO:0002020)_%7C_protein_%20_kinase_%20_binding_%20_(GO:0019901)_%7C_protein_%20_self-association_%20_(GO:0043621)_%7C_protein_%20_serine/threonine_%20_kinase_%20_activity_%20_(GO:0004674)_%7C_structural_%20_constituent_%20_of_%20_muscle_%20_(GO:0008307)_%7C_structural_%20_molecule_%20_activity_%20_conferring_%20_elasticity_%20_(GO:0097493)_%7C_telethonin_%20_binding_%20_(GO:0031433)|false|false||false|false||false|false|false||false|false|false|false|false|false|false|false|false|false|false|false|false|false|false|false|false|false|false|false|||false|false||false||false||false|false|false||false|||false|||||||||||||||||||||||||||||||||||||||||||||||||||||||||||||||||||||||||||||false|false||]	C|T	1	0	1	1	TTN	SPLICE_SITE	NA	SPLICE_SITE	NA	2-178649895-C-T
CJD23.noPoN	NA	chr2	178649897	NA	T	A	PASS	NA	NA	[TTN|hg38|chr2|178649897|178649897|INTRON||SNP|T|T|A|g.chr2:178649897T>A|ENST00000589042.5|-|||c.e211+3A>T|||0.32418952618453867|TTCAGGCACTTGAATAATAGG|TTN_ENST00000342992.11_INTRON/TTN_ENST00000591111.5_INTRON/TTN_ENST00000460472.6_INTRON/TTN_ENST00000342175.11_INTRON/TTN_ENST00000359218.10_INTRON/TTN-AS1_ENST00000659121.1_RNA/TTN-AS1_ENST00000657023.1_RNA/TTN-AS1_ENST00000590773.6_RNA/TTN-AS1_ENST00000592600.6_RNA/TTN-AS1_ENST00000589487.5_RNA||||||||||||||||||||||||||||3382|biliary_tract(2)_%7C_breast(245)_%7C_central_nervous_system(63)_%7C_haematopoietic_and_lymphoid_tissue(158)_%7C_kidney(299)_%7C_large_intestine(1455)_%7C_liver(19)_%7C_lung(289)_%7C_oesophagus(103)_%7C_ovary(123)_%7C_pancreas(131)_%7C_salivary_gland(14)_%7C_skin(27)_%7C_stomach(158)_%7C_testis(13)_%7C_upper_aerodigestive_tract(283)||||KF459616|NM_001267550.2|NP_001254479.2|HGNC:12403|titin|Approved|gene_%20_with_%20_protein_%20_product|protein-coding_%20_gene|CMD1G|""cardiomyopathy_%2C__%20_dilated_%20_1G_%20_(autosomal_%20_dominant)""|CMPD4_%2C__%20_FLJ32040_%2C__%20_TMD_%2C__%20_CMH9_%2C__%20_LGMD2J_%2C__%20_MYLK5||2q31.2|2023-03-15||2004-02-13|X90568||7273|ENSG00000155657|2129545_%2C__%20_10051295|NM_133378|1668_%7C_593_%7C_555|Myosin_%20_light_%20_chain_%20_kinase_%20_family_%7C_I-set_%20_domain_%20_containing_%7C_Fibronectin_%20_type_%20_III_%20_domain_%20_containing|CCDS59435_%2C__%20_CCDS54422_%2C__%20_CCDS54423_%2C__%20_CCDS54424_%2C__%20_CCDS33337_%2C__%20_CCDS54421|OTTHUMG00000154448|7273|188840|NM_001256850|Q8WZ42|ENSG00000155657|uc031rqc.3||||TITIN_HUMAN||A6NKB1_%7C_E7EQE6_%7C_E7ET18_%7C_K7ENY1_%7C_Q10465_%7C_Q10466_%7C_Q15598_%7C_Q2XUS3_%7C_Q32Q60_%7C_Q4U1Z6_%7C_Q4ZG20_%7C_Q6NSG0_%7C_Q6PDB1_%7C_Q6PJP0_%7C_Q7KYM2_%7C_Q7KYN4_%7C_Q7KYN5_%7C_Q7LDM3_%7C_Q7Z2X3_%7C_Q8TCG8_%7C_Q8WZ42_%7C_Q8WZ51_%7C_Q8WZ52_%7C_Q8WZ53_%7C_Q8WZB3_%7C_Q92761_%7C_Q92762_%7C_Q9UD97_%7C_Q9UP84_%7C_Q9Y6L9|Q8WZ42|adult_%20_heart_%20_development_%20_(GO:0007512)_%7C_blood_%20_coagulation_%20_(GO:0007596)_%7C_cardiac_%20_muscle_%20_contraction_%20_(GO:0060048)_%7C_cardiac_%20_muscle_%20_fiber_%20_development_%20_(GO:0048739)_%7C_cardiac_%20_muscle_%20_hypertrophy_%20_(GO:0003300)_%7C_cardiac_%20_muscle_%20_tissue_%20_morphogenesis_%20_(GO:0055008)_%7C_cardiac_%20_myofibril_%20_assembly_%20_(GO:0055003)_%7C_detection_%20_of_%20_muscle_%20_stretch_%20_(GO:0035995)_%7C_forward_%20_locomotion_%20_(GO:0043056)_%7C_in_%20_utero_%20_embryonic_%20_development_%20_(GO:0001701)_%7C_mitotic_%20_chromosome_%20_condensation_%20_(GO:0007076)_%7C_muscle_%20_contraction_%20_(GO:0006936)_%7C_muscle_%20_filament_%20_sliding_%20_(GO:0030049)_%7C_platelet_%20_activation_%20_(GO:0030168)_%7C_platelet_%20_degranulation_%20_(GO:0002576)_%7C_regulation_%20_of_%20_catalytic_%20_activity_%20_(GO:0050790)_%7C_regulation_%20_of_%20_protein_%20_kinase_%20_activity_%20_(GO:0045859)_%7C_regulation_%20_of_%20_relaxation_%20_of_%20_cardiac_%20_muscle_%20_(GO:1901897)_%7C_response_%20_to_%20_calcium_%20_ion_%20_(GO:0051592)_%7C_sarcomere_%20_organization_%20_(GO:0045214)_%7C_sarcomerogenesis_%20_(GO:0048769)_%7C_skeletal_%20_muscle_%20_myosin_%20_thick_%20_filament_%20_assembly_%20_(GO:0030241)_%7C_skeletal_%20_muscle_%20_thin_%20_filament_%20_assembly_%20_(GO:0030240)_%7C_somitogenesis_%20_(GO:0001756)_%7C_striated_%20_muscle_%20_contraction_%20_(GO:0006941)|condensed_%20_nuclear_%20_chromosome_%20_(GO:0000794)_%7C_cytoplasm_%20_(GO:0005737)_%7C_cytosol_%20_(GO:0005829)_%7C_extracellular_%20_region_%20_(GO:0005576)_%7C_extracellular_%20_vesicular_%20_exosome_%20_(GO:0070062)_%7C_Golgi_%20_apparatus_%20_(GO:0005794)_%7C_I_%20_band_%20_(GO:0031674)_%7C_M_%20_band_%20_(GO:0031430)_%7C_nucleus_%20_(GO:0005634)_%7C_striated_%20_muscle_%20_thin_%20_filament_%20_(GO:0005865)_%7C_Z_%20_disc_%20_(GO:0030018)|actin_%20_filament_%20_binding_%20_(GO:0051015)_%7C_actinin_%20_binding_%20_(GO:0042805)_%7C_ATP_%20_binding_%20_(GO:0005524)_%7C_calcium_%20_ion_%20_binding_%20_(GO:0005509)_%7C_calmodulin_%20_binding_%20_(GO:0005516)_%7C_enzyme_%20_binding_%20_(GO:0019899)_%7C_identical_%20_protein_%20_binding_%20_(GO:0042802)_%7C_muscle_%20_alpha-actinin_%20_binding_%20_(GO:0051371)_%7C_protease_%20_binding_%20_(GO:0002020)_%7C_protein_%20_kinase_%20_binding_%20_(GO:0019901)_%7C_protein_%20_self-association_%20_(GO:0043621)_%7C_protein_%20_serine/threonine_%20_kinase_%20_activity_%20_(GO:0004674)_%7C_structural_%20_constituent_%20_of_%20_muscle_%20_(GO:0008307)_%7C_structural_%20_molecule_%20_activity_%20_conferring_%20_elasticity_%20_(GO:0097493)_%7C_telethonin_%20_binding_%20_(GO:0031433)|false|false||false|false||false|false|false||false|false|false|false|false|false|false|false|false|false|false|false|false|false|false|false|false|false|false|false|||false|false||false||false||false|false|false||false|||false|||||||||||||||||||||||||||||||||||||||||||||||||||||||||||||||||||||||||||||false|false||]	T|A	1	0	1	1	TTN	INTRON	NA	INTRON	NA	2-178649897-T-A
CJD23.noPoN	NA	chr20	4691920	intron	G	A	PASS	NA	NA	[PRNP|hg38|chr20|4691920|4691920|INTRON||SNP|G|G|A|g.chr20:4691920G>A|ENST00000457586.2|+|||c.e1+5184G>A|||0.3516209476309227|TGAGAAGAATGTGTATTCTGC|PRNP_ENST00000430350.2_INTRON/PRNP_ENST00000379440.9_INTRON/PRNP_ENST00000424424.2_INTRON||||||||||||||||||||||||||||91|biliary_tract(2)_%7C_breast(11)_%7C_central_nervous_system(44)_%7C_large_intestine(11)_%7C_lung(1)_%7C_pancreas(22)||||X83416|NM_001080123.3|NP_001073592.1|HGNC:9449|prion_%20_protein|Approved|gene_%20_with_%20_protein_%20_product|protein-coding_%20_gene|PRIP_%2C__%20_GSS_%2C__%20_CJD|""prion_%20_protein_%20_(p27-30)""|CD230_%2C__%20_PRP_%2C__%20_AltPrP|""Creutzfeldt-Jakob_%20_disease""_%2C__%20_""Gerstmann-Strausler-Scheinker_%20_syndrome""_%2C__%20_""fatal_%20_familial_%20_insomnia""_%2C__%20_""p27-30""|20p13|2023-01-20||2008-07-28|M13899||5621|ENSG00000171867||NM_000311|471|CD_%20_molecules|CCDS13080|OTTHUMG00000031786|5621|176640|NM_000311|F7VJQ1_%2C__%20_P04156|ENSG00000171867|uc021wae.3|hg38|OREG1597665|Type_%3D_TRANSCRIPTION_%20_FACTOR_%20_BINDING_%20_SITE_%7C_Gene_Symbol_%3D_PRNP_%7C_Gene_ID_%3D_ENSG00000171867_%7C_Gene_Source_%3D_ENSEMBL_%7C_Regulatory_Element_Symbol_%3D_FOXA1_%7C_Regulatory_Element_ID_%3D_ENST00000250448_%7C_Regulatory_Element_Source_%3D_ENSEMBL_%7C_PMID_%3D_18971253_%7C_Dataset_%3D_PAZAR|APRIO_HUMAN|||F7VJQ1||integral_%20_component_%20_of_%20_membrane_%20_(GO:0016021)_%7C_mitochondrial_%20_outer_%20_membrane_%20_(GO:0005741)||false|false||false|false||false|false|false||false|false|false|false|false|false|false|false|false|false|false|false|false|false|false|false|false|false|false|false|||false|false||false||false||false|false|false||false|||false|||||||||||||||||||||||||||||||||||||||||||||||||||||||||||||||||||||||||||||false|false||]	G/A	5133	5102	31	0.006039353204753555	PRNP	INTRON	NA	INTRON	NA	20-4691920-G-A
CJD23.noPoN	NA	chr20	4694249	intron	T	C	PASS	NA	NA	[PRNP|hg38|chr20|4694249|4694249|INTRON||SNP|T|T|C|g.chr20:4694249T>C|ENST00000457586.2|+|||c.e2-4962T>C|||0.35910224438902744|ACCTGTAATCTCAGCACTTTG|PRNP_ENST00000430350.2_INTRON/PRNP_ENST00000379440.9_INTRON/PRNP_ENST00000424424.2_INTRON||||||||||||||||||||||||||||91|biliary_tract(2)_%7C_breast(11)_%7C_central_nervous_system(44)_%7C_large_intestine(11)_%7C_lung(1)_%7C_pancreas(22)||||X83416|NM_001080123.3|NP_001073592.1|HGNC:9449|prion_%20_protein|Approved|gene_%20_with_%20_protein_%20_product|protein-coding_%20_gene|PRIP_%2C__%20_GSS_%2C__%20_CJD|""prion_%20_protein_%20_(p27-30)""|CD230_%2C__%20_PRP_%2C__%20_AltPrP|""Creutzfeldt-Jakob_%20_disease""_%2C__%20_""Gerstmann-Strausler-Scheinker_%20_syndrome""_%2C__%20_""fatal_%20_familial_%20_insomnia""_%2C__%20_""p27-30""|20p13|2023-01-20||2008-07-28|M13899||5621|ENSG00000171867||NM_000311|471|CD_%20_molecules|CCDS13080|OTTHUMG00000031786|5621|176640|NM_000311|F7VJQ1_%2C__%20_P04156|ENSG00000171867|uc021wae.3||||APRIO_HUMAN|||F7VJQ1||integral_%20_component_%20_of_%20_membrane_%20_(GO:0016021)_%7C_mitochondrial_%20_outer_%20_membrane_%20_(GO:0005741)||true|false||false|false||false|false|false|PRNP:5621|false|false|true|false|false|false|false|false|false|false|false|false|false|false|false|false|false|false|false|false|996098774|4694249|false|false|0|false|0|false||false|false|false|SNV|false|0x050000080005000002000100|1|false|150|rs996098774|||||||||||||||||||||||||||||||||||||||||||||||||||||||||||||||||||||||||||false|false||]	T|C	1344	1333	11	0.00818452380952381	PRNP	INTRON	NA	INTRON	NA	20-4694249-T-C
CJD23.noPoN	NA	chr4	105175251	NA	A	G	PASS	NA	NA	[TET2|hg38|chr4|105175251|105175251|INTRON||SNP|A|A|G|g.chr4:105175251A>G|ENST00000513237.5|+|||c.e2-15109A>G|||0.341645885286783|AGCAGAGTCAAATATGGCAGT|TET2_ENST00000380013.9_INTRON/TET2_ENST00000305737.6_INTRON/TET2_ENST00000413648.2_INTRON/TET2_ENST00000540549.5_INTRON/TET2-AS1_ENST00000515414.1_RNA||||||||||||||||||||||||||||45382|NS(562)_%7C_adrenal_gland(32)_%7C_autonomic_ganglia(98)_%7C_biliary_tract(755)_%7C_bone(167)_%7C_breast(4379)_%7C_central_nervous_system(911)_%7C_cervix(179)_%7C_endometrium(329)_%7C_eye(53)_%7C_fallopian_tube(1)_%7C_female_genital_tract_(site_indeterminate)(20)_%7C_gastrointestinal_tract_(site_indeterminate)(68)_%7C_genital_tract(59)_%7C_haematopoietic_and_lymphoid_tissue(23755)_%7C_kidney(655)_%7C_large_intestine(1761)_%7C_liver(157)_%7C_lung(2715)_%7C_meninges(30)_%7C_midline_organs(1)_%7C_oesophagus(145)_%7C_ovary(512)_%7C_pancreas(739)_%7C_penis(8)_%7C_perineum(1)_%7C_peritoneum(19)_%7C_pituitary(3)_%7C_placenta(3)_%7C_pleura(193)_%7C_prostate(1356)_%7C_salivary_gland(311)_%7C_skin(1023)_%7C_small_intestine(62)_%7C_soft_tissue(830)_%7C_stomach(477)_%7C_testis(355)_%7C_thymus(125)_%7C_thyroid(1075)_%7C_upper_aerodigestive_tract(787)_%7C_urinary_tract(618)_%7C_uterine_adnexa(4)_%7C_vagina(2)_%7C_vulva(47)||||AC026029|||HGNC:25941|tet_%20_methylcytosine_%20_dioxygenase_%20_2|Approved|gene_%20_with_%20_protein_%20_product|protein-coding_%20_gene|KIAA1546|""KIAA1546""_%2C__%20_""tet_%20_oncogene_%20_family_%20_member_%20_2""|FLJ20032|""ten-eleven_%20_translocation_%20_2""|4q24|2023-01-20|2008-03-12|2011-09-30|AB046766|1.14.11.n2|54790|ENSG00000168769|10997877_%2C__%20_12646957|NM_017628|2049|Tet_%20_methylcytosine_%20_dioxygenase_%20_family|CCDS47120_%2C__%20_CCDS3666|OTTHUMG00000131213|54790|612839|NM_001127208|Q6N021|ENSG00000168769|uc021xqk.1||||TET2_HUMAN||B5MDU0_%7C_Q2TB88_%7C_Q3LIB8_%7C_Q96JX5_%7C_Q9HCM6_%7C_Q9NXW0|Q6N021|5-methylcytosine_%20_catabolic_%20_process_%20_(GO:0006211)_%7C_cell_%20_cycle_%20_(GO:0007049)_%7C_DNA_%20_demethylation_%20_(GO:0080111)_%7C_histone_%20_H3-K4_%20_trimethylation_%20_(GO:0080182)_%7C_kidney_%20_development_%20_(GO:0001822)_%7C_myeloid_%20_cell_%20_differentiation_%20_(GO:0030099)_%7C_positive_%20_regulation_%20_of_%20_transcription_%20_from_%20_RNA_%20_polymerase_%20_II_%20_promoter_%20_(GO:0045944)_%7C_post-embryonic_%20_development_%20_(GO:0009791)_%7C_protein_%20_O-linked_%20_glycosylation_%20_(GO:0006493)||DNA_%20_binding_%20_(GO:0003677)_%7C_ferrous_%20_iron_%20_binding_%20_(GO:0008198)_%7C_methylcytosine_%20_dioxygenase_%20_activity_%20_(GO:0070579)_%7C_zinc_%20_ion_%20_binding_%20_(GO:0008270)|false|false||false|false||false|false|false||false|false|false|false|false|false|false|false|false|false|false|false|false|false|false|false|false|false|false|false|||false|false||false||false||false|false|false||false|||false|||||||||||||||||||||||||||||||||||||||||||||||||||||||||||||||||||||||||||||false|false||]	A|G	2	0	2	1	TET2	INTRON	NA	INTRON	NA	4-105175251-A-G
CJD23.noPoN	NA	chr4	105175261	NA	T	G	PASS	NA	NA	[TET2|hg38|chr4|105175261|105175261|INTRON||SNP|T|T|G|g.chr4:105175261T>G|ENST00000513237.5|+|||c.e2-15099T>G|||0.3341645885286783|AATATGGCAGTGACATTGGAA|TET2_ENST00000380013.9_INTRON/TET2_ENST00000305737.6_INTRON/TET2_ENST00000413648.2_INTRON/TET2_ENST00000540549.5_INTRON/TET2-AS1_ENST00000515414.1_RNA||||||||||||||||||||||||||||45382|NS(562)_%7C_adrenal_gland(32)_%7C_autonomic_ganglia(98)_%7C_biliary_tract(755)_%7C_bone(167)_%7C_breast(4379)_%7C_central_nervous_system(911)_%7C_cervix(179)_%7C_endometrium(329)_%7C_eye(53)_%7C_fallopian_tube(1)_%7C_female_genital_tract_(site_indeterminate)(20)_%7C_gastrointestinal_tract_(site_indeterminate)(68)_%7C_genital_tract(59)_%7C_haematopoietic_and_lymphoid_tissue(23755)_%7C_kidney(655)_%7C_large_intestine(1761)_%7C_liver(157)_%7C_lung(2715)_%7C_meninges(30)_%7C_midline_organs(1)_%7C_oesophagus(145)_%7C_ovary(512)_%7C_pancreas(739)_%7C_penis(8)_%7C_perineum(1)_%7C_peritoneum(19)_%7C_pituitary(3)_%7C_placenta(3)_%7C_pleura(193)_%7C_prostate(1356)_%7C_salivary_gland(311)_%7C_skin(1023)_%7C_small_intestine(62)_%7C_soft_tissue(830)_%7C_stomach(477)_%7C_testis(355)_%7C_thymus(125)_%7C_thyroid(1075)_%7C_upper_aerodigestive_tract(787)_%7C_urinary_tract(618)_%7C_uterine_adnexa(4)_%7C_vagina(2)_%7C_vulva(47)||||AC026029|||HGNC:25941|tet_%20_methylcytosine_%20_dioxygenase_%20_2|Approved|gene_%20_with_%20_protein_%20_product|protein-coding_%20_gene|KIAA1546|""KIAA1546""_%2C__%20_""tet_%20_oncogene_%20_family_%20_member_%20_2""|FLJ20032|""ten-eleven_%20_translocation_%20_2""|4q24|2023-01-20|2008-03-12|2011-09-30|AB046766|1.14.11.n2|54790|ENSG00000168769|10997877_%2C__%20_12646957|NM_017628|2049|Tet_%20_methylcytosine_%20_dioxygenase_%20_family|CCDS47120_%2C__%20_CCDS3666|OTTHUMG00000131213|54790|612839|NM_001127208|Q6N021|ENSG00000168769|uc021xqk.1||||TET2_HUMAN||B5MDU0_%7C_Q2TB88_%7C_Q3LIB8_%7C_Q96JX5_%7C_Q9HCM6_%7C_Q9NXW0|Q6N021|5-methylcytosine_%20_catabolic_%20_process_%20_(GO:0006211)_%7C_cell_%20_cycle_%20_(GO:0007049)_%7C_DNA_%20_demethylation_%20_(GO:0080111)_%7C_histone_%20_H3-K4_%20_trimethylation_%20_(GO:0080182)_%7C_kidney_%20_development_%20_(GO:0001822)_%7C_myeloid_%20_cell_%20_differentiation_%20_(GO:0030099)_%7C_positive_%20_regulation_%20_of_%20_transcription_%20_from_%20_RNA_%20_polymerase_%20_II_%20_promoter_%20_(GO:0045944)_%7C_post-embryonic_%20_development_%20_(GO:0009791)_%7C_protein_%20_O-linked_%20_glycosylation_%20_(GO:0006493)||DNA_%20_binding_%20_(GO:0003677)_%7C_ferrous_%20_iron_%20_binding_%20_(GO:0008198)_%7C_methylcytosine_%20_dioxygenase_%20_activity_%20_(GO:0070579)_%7C_zinc_%20_ion_%20_binding_%20_(GO:0008270)|false|false||false|false||false|false|false||false|false|false|false|false|false|false|false|false|false|false|false|false|false|false|false|false|false|false|false|||false|false||false||false||false|false|false||false|||false|||||||||||||||||||||||||||||||||||||||||||||||||||||||||||||||||||||||||||||false|false||]	T|G	2	0	2	1	TET2	INTRON	NA	INTRON	NA	4-105175261-T-G
CJD25.noPoN	NA	chr20	4693834	intron	CA	AG	PASS	NA	NA	[PRNP|hg38|chr20|4693834|4693835|INTRON||DNP|CA|CA|AG|g.chr20:4693834_4693835CA>AG|ENST00000457586.2|+|||c.e2-5377CA>AG|||0.4552238805970149|CTGTGGCTCACACCTATAATCC|PRNP_ENST00000430350.2_INTRON/PRNP_ENST00000379440.9_INTRON/PRNP_ENST00000424424.2_INTRON||||||||||||||||||||||||||||91|biliary_tract(2)_%7C_breast(11)_%7C_central_nervous_system(44)_%7C_large_intestine(11)_%7C_lung(1)_%7C_pancreas(22)||||X83416|NM_001080123.3|NP_001073592.1|HGNC:9449|prion_%20_protein|Approved|gene_%20_with_%20_protein_%20_product|protein-coding_%20_gene|PRIP_%2C__%20_GSS_%2C__%20_CJD|""prion_%20_protein_%20_(p27-30)""|CD230_%2C__%20_PRP_%2C__%20_AltPrP|""Creutzfeldt-Jakob_%20_disease""_%2C__%20_""Gerstmann-Strausler-Scheinker_%20_syndrome""_%2C__%20_""fatal_%20_familial_%20_insomnia""_%2C__%20_""p27-30""|20p13|2023-01-20||2008-07-28|M13899||5621|ENSG00000171867||NM_000311|471|CD_%20_molecules|CCDS13080|OTTHUMG00000031786|5621|176640|NM_000311|F7VJQ1_%2C__%20_P04156|ENSG00000171867|uc021wae.3||||APRIO_HUMAN|||F7VJQ1||integral_%20_component_%20_of_%20_membrane_%20_(GO:0016021)_%7C_mitochondrial_%20_outer_%20_membrane_%20_(GO:0005741)||false|false||false|false||false|false|false||false|false|false|false|false|false|false|false|false|false|false|false|false|false|false|false|false|false|false|false|||false|false||false||false||false|false|false||false|||false|||||||||||||||||||||||||||||||||||||||||||||||||||||||||||||||||||||||||||||false|false||]	CA/AG	247	239	8	0.032388663967611336	PRNP	INTRON	NA	INTRON	NA	20-4693834-CA-AG
CJD25.noPoN	NA	chr20	4695357	intron	G	C	PASS	NA	NA	[PRNP|hg38|chr20|4695357|4695357|INTRON||SNP|G|G|C|g.chr20:4695357G>C|ENST00000457586.2|+|||c.e2-3854G>C|||0.4164588528678304|TATCATTTAGGTCCCACTTAT|PRNP_ENST00000430350.2_INTRON/PRNP_ENST00000379440.9_INTRON/PRNP_ENST00000424424.2_INTRON||||||||||||||||||||||||||||91|biliary_tract(2)_%7C_breast(11)_%7C_central_nervous_system(44)_%7C_large_intestine(11)_%7C_lung(1)_%7C_pancreas(22)||||X83416|NM_001080123.3|NP_001073592.1|HGNC:9449|prion_%20_protein|Approved|gene_%20_with_%20_protein_%20_product|protein-coding_%20_gene|PRIP_%2C__%20_GSS_%2C__%20_CJD|""prion_%20_protein_%20_(p27-30)""|CD230_%2C__%20_PRP_%2C__%20_AltPrP|""Creutzfeldt-Jakob_%20_disease""_%2C__%20_""Gerstmann-Strausler-Scheinker_%20_syndrome""_%2C__%20_""fatal_%20_familial_%20_insomnia""_%2C__%20_""p27-30""|20p13|2023-01-20||2008-07-28|M13899||5621|ENSG00000171867||NM_000311|471|CD_%20_molecules|CCDS13080|OTTHUMG00000031786|5621|176640|NM_000311|F7VJQ1_%2C__%20_P04156|ENSG00000171867|uc021wae.3||||APRIO_HUMAN|||F7VJQ1||integral_%20_component_%20_of_%20_membrane_%20_(GO:0016021)_%7C_mitochondrial_%20_outer_%20_membrane_%20_(GO:0005741)||false|false||false|false||false|false|false||false|false|false|false|false|false|false|false|false|false|false|false|false|false|false|false|false|false|false|false|||false|false||false||false||false|false|false||false|||false|||||||||||||||||||||||||||||||||||||||||||||||||||||||||||||||||||||||||||||false|false||]	G/C	312	306	6	0.019230769230769232	PRNP	INTRON	NA	INTRON	NA	20-4695357-G-C
CJD26.noPoN	NA	chr4	105261420	NA	A	T	PASS	NA	NA	[TET2|hg38|chr4|105261420|105261420|INTRON||SNP|A|A|T|g.chr4:105261420A>T|ENST00000513237.5|+|||c.e8-339A>T|||0.30423940149625933|TTCTTTTAATAGTTCATCTTC|TET2_ENST00000380013.9_INTRON/TET2_ENST00000540549.5_INTRON||||||||||||||||||||||||||||45382|NS(562)_%7C_adrenal_gland(32)_%7C_autonomic_ganglia(98)_%7C_biliary_tract(755)_%7C_bone(167)_%7C_breast(4379)_%7C_central_nervous_system(911)_%7C_cervix(179)_%7C_endometrium(329)_%7C_eye(53)_%7C_fallopian_tube(1)_%7C_female_genital_tract_(site_indeterminate)(20)_%7C_gastrointestinal_tract_(site_indeterminate)(68)_%7C_genital_tract(59)_%7C_haematopoietic_and_lymphoid_tissue(23755)_%7C_kidney(655)_%7C_large_intestine(1761)_%7C_liver(157)_%7C_lung(2715)_%7C_meninges(30)_%7C_midline_organs(1)_%7C_oesophagus(145)_%7C_ovary(512)_%7C_pancreas(739)_%7C_penis(8)_%7C_perineum(1)_%7C_peritoneum(19)_%7C_pituitary(3)_%7C_placenta(3)_%7C_pleura(193)_%7C_prostate(1356)_%7C_salivary_gland(311)_%7C_skin(1023)_%7C_small_intestine(62)_%7C_soft_tissue(830)_%7C_stomach(477)_%7C_testis(355)_%7C_thymus(125)_%7C_thyroid(1075)_%7C_upper_aerodigestive_tract(787)_%7C_urinary_tract(618)_%7C_uterine_adnexa(4)_%7C_vagina(2)_%7C_vulva(47)||||AC026029|||HGNC:25941|tet_%20_methylcytosine_%20_dioxygenase_%20_2|Approved|gene_%20_with_%20_protein_%20_product|protein-coding_%20_gene|KIAA1546|""KIAA1546""_%2C__%20_""tet_%20_oncogene_%20_family_%20_member_%20_2""|FLJ20032|""ten-eleven_%20_translocation_%20_2""|4q24|2023-01-20|2008-03-12|2011-09-30|AB046766|1.14.11.n2|54790|ENSG00000168769|10997877_%2C__%20_12646957|NM_017628|2049|Tet_%20_methylcytosine_%20_dioxygenase_%20_family|CCDS47120_%2C__%20_CCDS3666|OTTHUMG00000131213|54790|612839|NM_001127208|Q6N021|ENSG00000168769|uc021xqk.1||||TET2_HUMAN||B5MDU0_%7C_Q2TB88_%7C_Q3LIB8_%7C_Q96JX5_%7C_Q9HCM6_%7C_Q9NXW0|Q6N021|5-methylcytosine_%20_catabolic_%20_process_%20_(GO:0006211)_%7C_cell_%20_cycle_%20_(GO:0007049)_%7C_DNA_%20_demethylation_%20_(GO:0080111)_%7C_histone_%20_H3-K4_%20_trimethylation_%20_(GO:0080182)_%7C_kidney_%20_development_%20_(GO:0001822)_%7C_myeloid_%20_cell_%20_differentiation_%20_(GO:0030099)_%7C_positive_%20_regulation_%20_of_%20_transcription_%20_from_%20_RNA_%20_polymerase_%20_II_%20_promoter_%20_(GO:0045944)_%7C_post-embryonic_%20_development_%20_(GO:0009791)_%7C_protein_%20_O-linked_%20_glycosylation_%20_(GO:0006493)||DNA_%20_binding_%20_(GO:0003677)_%7C_ferrous_%20_iron_%20_binding_%20_(GO:0008198)_%7C_methylcytosine_%20_dioxygenase_%20_activity_%20_(GO:0070579)_%7C_zinc_%20_ion_%20_binding_%20_(GO:0008270)|false|false||false|false||false|false|false||false|false|false|false|false|false|false|false|false|false|false|false|false|false|false|false|false|false|false|false|||false|false||false||false||false|false|false||false|||false|||||||||||||||||||||||||||||||||||||||||||||||||||||||||||||||||||||||||||||false|false||]	A/T	2	0	2	1	TET2	INTRON	NA	INTRON	NA	4-105261420-A-T
CJD27.noPoN	NA	chr20	4694264	intron	G	A	PASS	2.462e-05	NA	[PRNP|hg38|chr20|4694264|4694264|INTRON||SNP|G|G|A|g.chr20:4694264G>A|ENST00000457586.2|+|||c.e2-4947G>A|||0.3566084788029925|ACTTTGGGAGGCCAAGACAGG|PRNP_ENST00000430350.2_INTRON/PRNP_ENST00000379440.9_INTRON/PRNP_ENST00000424424.2_INTRON||||||||||||||||||||||||||||91|biliary_tract(2)_%7C_breast(11)_%7C_central_nervous_system(44)_%7C_large_intestine(11)_%7C_lung(1)_%7C_pancreas(22)||||X83416|NM_001080123.3|NP_001073592.1|HGNC:9449|prion_%20_protein|Approved|gene_%20_with_%20_protein_%20_product|protein-coding_%20_gene|PRIP_%2C__%20_GSS_%2C__%20_CJD|""prion_%20_protein_%20_(p27-30)""|CD230_%2C__%20_PRP_%2C__%20_AltPrP|""Creutzfeldt-Jakob_%20_disease""_%2C__%20_""Gerstmann-Strausler-Scheinker_%20_syndrome""_%2C__%20_""fatal_%20_familial_%20_insomnia""_%2C__%20_""p27-30""|20p13|2023-01-20||2008-07-28|M13899||5621|ENSG00000171867||NM_000311|471|CD_%20_molecules|CCDS13080|OTTHUMG00000031786|5621|176640|NM_000311|F7VJQ1_%2C__%20_P04156|ENSG00000171867|uc021wae.3||||APRIO_HUMAN|||F7VJQ1||integral_%20_component_%20_of_%20_membrane_%20_(GO:0016021)_%7C_mitochondrial_%20_outer_%20_membrane_%20_(GO:0005741)||true|false||false|false||false|false|false|PRNP:5621|false|false|true|false|false|false|false|false|false|false|false|false|false|false|false|false|false|false|false|false|1012397146|4694264|false|false|0|false|0|false|0.99999203618756371_%2C_0.00000796381243628|false|false|false|SNV|false|0x050000080005000002000100|1|false|150|rs1012397146||||||||||||||||||||||||||||||||||||||||||3.20595e-05|1.15181e-04|2.72480e-04|0.00000e+00|0.00000e+00|0.00000e+00|0.00000e+00|0.00000e+00|0.00000e+00|0.00000e+00|0.00000e+00|0.00000e+00|0.00000e+00|7.22961e-05|0.00000e+00|0.00000e+00|0.00000e+00|0.00000e+00|0.00000e+00|0.00000e+00|0.00000e+00|0.00000e+00|0.00000e+00|0.00000e+00|0.00000e+00|0.00000e+00|0.00000e+00|0.00000e+00|1.15181e-04|3.18309e-05||20|4674910|false|false|rs1012397146|]	G/A	2168	2154	14	0.006457564575645757	PRNP	INTRON	rs1012397146	INTRON	1.318e-5	20-4694264-G-A
CJD27.noPoN	NA	chr20	4694509	intron	A	T	PASS	0.28	NA	[PRNP|hg38|chr20|4694509|4694509|INTRON||SNP|A|A|T|g.chr20:4694509A>T|ENST00000457586.2|+|||c.e2-4702A>T|||0.26184538653366585|TAATTTATTAACCTTTTAAAG|PRNP_ENST00000430350.2_INTRON/PRNP_ENST00000379440.9_INTRON/PRNP_ENST00000424424.2_INTRON||||||||||||||||||||||||||||91|biliary_tract(2)_%7C_breast(11)_%7C_central_nervous_system(44)_%7C_large_intestine(11)_%7C_lung(1)_%7C_pancreas(22)||||X83416|NM_001080123.3|NP_001073592.1|HGNC:9449|prion_%20_protein|Approved|gene_%20_with_%20_protein_%20_product|protein-coding_%20_gene|PRIP_%2C__%20_GSS_%2C__%20_CJD|""prion_%20_protein_%20_(p27-30)""|CD230_%2C__%20_PRP_%2C__%20_AltPrP|""Creutzfeldt-Jakob_%20_disease""_%2C__%20_""Gerstmann-Strausler-Scheinker_%20_syndrome""_%2C__%20_""fatal_%20_familial_%20_insomnia""_%2C__%20_""p27-30""|20p13|2023-01-20||2008-07-28|M13899||5621|ENSG00000171867||NM_000311|471|CD_%20_molecules|CCDS13080|OTTHUMG00000031786|5621|176640|NM_000311|F7VJQ1_%2C__%20_P04156|ENSG00000171867|uc021wae.3||||APRIO_HUMAN|||F7VJQ1||integral_%20_component_%20_of_%20_membrane_%20_(GO:0016021)_%7C_mitochondrial_%20_outer_%20_membrane_%20_(GO:0005741)||true|false|0.7704_%2C_0.2296|false|false|1|false|true|false|PRNP:5621|true|true|true|true|true|false|false|false|false|false|false|false|false|false|false|true|true|false|false|false|6037932|4694509|false|false|0|true|0|false|0.72188774209989806_%2C_0.27811225790010193|false|false|false|SNV|true|0x05012808000515053e000100|1|false|114|rs6037932||||||||||||||||||||||||||||||||||||||||||2.77246e-01|2.53622e-01|2.56124e-01|2.51791e-01|3.43972e-01|3.25243e-01|3.61751e-01|2.34483e-01|1.87500e-01|2.52381e-01|2.17949e-02|2.41636e-02|2.05479e-02|2.80539e-01|2.81051e-01|2.76931e-01|2.85714e-01|2.74624e-01|3.11947e-01|3.01573e-01|3.13569e-01|3.10669e-01|3.18447e-01|3.08561e-01|3.01887e-01|2.89134e-01|2.79359e-01|2.99618e-01|3.43972e-01|2.77215e-01||20|4675155|false|false|rs6037932|]	A/T	1939	1140	799	0.41206807632800413	PRNP	INTRON	rs6037932	INTRON	0.2872	20-4694509-A-T
CJD27.noPoN	NA	chr20	4695237	intron	T	C	PASS	NA	NA	[PRNP|hg38|chr20|4695237|4695237|INTRON||SNP|T|T|C|g.chr20:4695237T>C|ENST00000457586.2|+|||c.e2-3974T>C|||0.38154613466334164|ATTTCATCACTCAGGTACTAA|PRNP_ENST00000430350.2_INTRON/PRNP_ENST00000379440.9_INTRON/PRNP_ENST00000424424.2_INTRON||||||||||||||||||||||||||||91|biliary_tract(2)_%7C_breast(11)_%7C_central_nervous_system(44)_%7C_large_intestine(11)_%7C_lung(1)_%7C_pancreas(22)||||X83416|NM_001080123.3|NP_001073592.1|HGNC:9449|prion_%20_protein|Approved|gene_%20_with_%20_protein_%20_product|protein-coding_%20_gene|PRIP_%2C__%20_GSS_%2C__%20_CJD|""prion_%20_protein_%20_(p27-30)""|CD230_%2C__%20_PRP_%2C__%20_AltPrP|""Creutzfeldt-Jakob_%20_disease""_%2C__%20_""Gerstmann-Strausler-Scheinker_%20_syndrome""_%2C__%20_""fatal_%20_familial_%20_insomnia""_%2C__%20_""p27-30""|20p13|2023-01-20||2008-07-28|M13899||5621|ENSG00000171867||NM_000311|471|CD_%20_molecules|CCDS13080|OTTHUMG00000031786|5621|176640|NM_000311|F7VJQ1_%2C__%20_P04156|ENSG00000171867|uc021wae.3||||APRIO_HUMAN|||F7VJQ1||integral_%20_component_%20_of_%20_membrane_%20_(GO:0016021)_%7C_mitochondrial_%20_outer_%20_membrane_%20_(GO:0005741)||false|false||false|false||false|false|false||false|false|false|false|false|false|false|false|false|false|false|false|false|false|false|false|false|false|false|false|||false|false||false||false||false|false|false||false|||false|||||||||||||||||||||||||||||||||||||||||||||||||||||||||||||||||||||||||||||false|false||]	T/C	3967	3956	11	0.0027728762288883285	PRNP	INTRON	NA	INTRON	NA	20-4695237-T-C
CJD3.noPoN	NA	chr20	4687682	intron	T	G	PASS	0.212	NA	[PRNP|hg38|chr20|4687682|4687682|INTRON||SNP|T|T|G|g.chr20:4687682T>G|ENST00000457586.2|+|||c.e1+946T>G|||0.4089775561097257|AGCCTCCAGATTCTCACACAA|PRNP_ENST00000430350.2_INTRON/PRNP_ENST00000379440.9_INTRON/PRNP_ENST00000424424.2_INTRON/RPS4XP2_ENST00000652447.1_FIVE_PRIME_FLANK||||||||||||||||||||||||||||91|biliary_tract(2)_%7C_breast(11)_%7C_central_nervous_system(44)_%7C_large_intestine(11)_%7C_lung(1)_%7C_pancreas(22)||||X83416|NM_001080123.3|NP_001073592.1|HGNC:9449|prion_%20_protein|Approved|gene_%20_with_%20_protein_%20_product|protein-coding_%20_gene|PRIP_%2C__%20_GSS_%2C__%20_CJD|""prion_%20_protein_%20_(p27-30)""|CD230_%2C__%20_PRP_%2C__%20_AltPrP|""Creutzfeldt-Jakob_%20_disease""_%2C__%20_""Gerstmann-Strausler-Scheinker_%20_syndrome""_%2C__%20_""fatal_%20_familial_%20_insomnia""_%2C__%20_""p27-30""|20p13|2023-01-20||2008-07-28|M13899||5621|ENSG00000171867||NM_000311|471|CD_%20_molecules|CCDS13080|OTTHUMG00000031786|5621|176640|NM_000311|F7VJQ1_%2C__%20_P04156|ENSG00000171867|uc021wae.3|hg38|OREG1271332|Type_%3D_TRANSCRIPTION_%20_FACTOR_%20_BINDING_%20_SITE_%7C_Gene_Symbol_%3D_PRNP_%7C_Gene_ID_%3D_ENSG00000171867_%7C_Gene_Source_%3D_ENSEMBL_%7C_Regulatory_Element_Symbol_%3D_SMARCA4_%7C_Regulatory_Element_ID_%3D_ENST00000344626_%7C_Regulatory_Element_Source_%3D_ENSEMBL_%7C_PMID_%3D_18971253_%7C_Dataset_%3D_PAZAR|APRIO_HUMAN|||F7VJQ1||integral_%20_component_%20_of_%20_membrane_%20_(GO:0016021)_%7C_mitochondrial_%20_outer_%20_membrane_%20_(GO:0005741)||true|false|0.8423_%2C_0.1577|false|false|1|false|true|false|PRNP:5621|false|true|true|true|true|false|false|false|false|false|false|false|false|false|false|false|false|false|false|false|1931969|4687682|true|false|0|true|0|false|0.79377707696228338_%2C_0.20622292303771661|false|false|false|SNV|true|0x050100080005150436000100|1|false|92|rs1931969||||||||||||||||||||||||||||||||||||||||||2.03744e-01|1.25489e-01|1.23638e-01|1.26842e-01|2.75943e-01|2.43961e-01|3.06452e-01|2.72414e-01|2.50000e-01|2.80952e-01|2.37179e-02|2.97398e-02|2.05479e-02|2.05984e-01|2.23760e-01|2.19327e-01|2.28782e-01|2.01962e-01|2.54883e-01|2.30532e-01|2.57759e-01|2.52618e-01|2.67087e-01|2.56326e-01|2.83019e-01|2.26937e-01|2.11470e-01|2.43346e-01|2.75943e-01|2.04100e-01||20|4668328|false|false|rs1931969|]	T/G	6114	6021	93	0.01521099116781158	PRNP	INTRON	rs1931969	INTRON	0.2146	20-4687682-T-G
CJD3.noPoN	NA	chr20	4690579	intron	T	G	PASS	0.385	NA	[PRNP|hg38|chr20|4690579|4690579|INTRON||SNP|T|T|G|g.chr20:4690579T>G|ENST00000457586.2|+|||c.e1+3843T>G|||0.33915211970074816|AGTGCACCCTTGATTATCTTC|PRNP_ENST00000430350.2_INTRON/PRNP_ENST00000379440.9_INTRON/PRNP_ENST00000424424.2_INTRON||||||||||||||||||||||||||||91|biliary_tract(2)_%7C_breast(11)_%7C_central_nervous_system(44)_%7C_large_intestine(11)_%7C_lung(1)_%7C_pancreas(22)||||X83416|NM_001080123.3|NP_001073592.1|HGNC:9449|prion_%20_protein|Approved|gene_%20_with_%20_protein_%20_product|protein-coding_%20_gene|PRIP_%2C__%20_GSS_%2C__%20_CJD|""prion_%20_protein_%20_(p27-30)""|CD230_%2C__%20_PRP_%2C__%20_AltPrP|""Creutzfeldt-Jakob_%20_disease""_%2C__%20_""Gerstmann-Strausler-Scheinker_%20_syndrome""_%2C__%20_""fatal_%20_familial_%20_insomnia""_%2C__%20_""p27-30""|20p13|2023-01-20||2008-07-28|M13899||5621|ENSG00000171867||NM_000311|471|CD_%20_molecules|CCDS13080|OTTHUMG00000031786|5621|176640|NM_000311|F7VJQ1_%2C__%20_P04156|ENSG00000171867|uc021wae.3||||APRIO_HUMAN|||F7VJQ1||integral_%20_component_%20_of_%20_membrane_%20_(GO:0016021)_%7C_mitochondrial_%20_outer_%20_membrane_%20_(GO:0005741)||true|false|0.6302_%2C_0.3698|false|false|1|false|true|false|PRNP:5621|true|true|true|true|true|false|false|false|false|false|false|false|false|false|false|false|false|false|false|false|6052769|4690579|false|false|0|true|0|false|0.58654274974515800_%2C_0.41345725025484199|false|false|false|SNV|true|0x05010008000515053e000100|1|false|114|rs6052769||||||||||||||||||||||||||||||||||||||||||3.91374e-01|5.76207e-01|5.80882e-01|5.72792e-01|3.87972e-01|3.55072e-01|4.19355e-01|2.58621e-01|2.12500e-01|2.76190e-01|5.00000e-02|5.20446e-02|4.89237e-02|3.89049e-01|2.96659e-01|2.93384e-01|3.00369e-01|3.93226e-01|3.49422e-01|3.22067e-01|3.48159e-01|3.50418e-01|3.64326e-01|3.48826e-01|3.39623e-01|3.36414e-01|3.16071e-01|3.58238e-01|5.76207e-01|3.91679e-01||20|4671225|false|false|rs6052769|]	T/G	4353	4281	72	0.016540317022742935	PRNP	INTRON	rs6052769	INTRON	0.4115	20-4690579-T-G
CJD3.noPoN	NA	chr20	4691629	intron	A	G	PASS	0.256	NA	[PRNP|hg38|chr20|4691629|4691629|INTRON||SNP|A|A|G|g.chr20:4691629A>G|ENST00000457586.2|+|||c.e1+4893A>G|||0.34413965087281795|ATCATAGTAAATGATCTTTTT|PRNP_ENST00000430350.2_INTRON/PRNP_ENST00000379440.9_INTRON/PRNP_ENST00000424424.2_INTRON||||||||||||||||||||||||||||91|biliary_tract(2)_%7C_breast(11)_%7C_central_nervous_system(44)_%7C_large_intestine(11)_%7C_lung(1)_%7C_pancreas(22)||||X83416|NM_001080123.3|NP_001073592.1|HGNC:9449|prion_%20_protein|Approved|gene_%20_with_%20_protein_%20_product|protein-coding_%20_gene|PRIP_%2C__%20_GSS_%2C__%20_CJD|""prion_%20_protein_%20_(p27-30)""|CD230_%2C__%20_PRP_%2C__%20_AltPrP|""Creutzfeldt-Jakob_%20_disease""_%2C__%20_""Gerstmann-Strausler-Scheinker_%20_syndrome""_%2C__%20_""fatal_%20_familial_%20_insomnia""_%2C__%20_""p27-30""|20p13|2023-01-20||2008-07-28|M13899||5621|ENSG00000171867||NM_000311|471|CD_%20_molecules|CCDS13080|OTTHUMG00000031786|5621|176640|NM_000311|F7VJQ1_%2C__%20_P04156|ENSG00000171867|uc021wae.3||||APRIO_HUMAN|||F7VJQ1||integral_%20_component_%20_of_%20_membrane_%20_(GO:0016021)_%7C_mitochondrial_%20_outer_%20_membrane_%20_(GO:0005741)||true|false|0.8065_%2C_0.1935|false|false|1|false|true|false|PRNP:5621|true|true|true|true|true|false|false|false|false|false|false|false|false|false|false|false|false|false|false|false|2093391|4691629|true|false|0|true|0|false|0.75412525484199796_%2C_0.24587474515800203|false|false|false|SNV|true|0x05010008000515053e000100|1|false|96|rs2093391||||||||||||||||||||||||||||||||||||||||||2.48389e-01|1.51759e-01|1.50245e-01|1.52866e-01|3.38443e-01|3.23671e-01|3.52535e-01|2.34483e-01|1.87500e-01|2.52381e-01|2.18228e-02|2.41636e-02|2.05882e-02|2.52014e-01|2.80980e-01|2.77115e-01|2.85363e-01|2.45498e-01|3.11509e-01|3.01788e-01|3.12629e-01|3.10625e-01|3.18001e-01|3.06829e-01|3.01887e-01|2.81885e-01|2.76786e-01|2.87356e-01|3.38443e-01|2.48377e-01||20|4672275|false|false|rs2093391|]	A/G	6292	6160	132	0.02097902097902098	PRNP	INTRON	rs2093391	INTRON	0.2583	20-4691629-A-G
CJD3.noPoN	NA	chr20	4691661	intron	C	T	PASS	0.295	NA	[PRNP|hg38|chr20|4691661|4691661|INTRON||SNP|C|C|T|g.chr20:4691661C>T|ENST00000457586.2|+|||c.e1+4925C>T|||0.3341645885286783|GAATTTGCTTCGCTAGAATTT|PRNP_ENST00000430350.2_INTRON/PRNP_ENST00000379440.9_INTRON/PRNP_ENST00000424424.2_INTRON||||||||||||||||||||||||||||91|biliary_tract(2)_%7C_breast(11)_%7C_central_nervous_system(44)_%7C_large_intestine(11)_%7C_lung(1)_%7C_pancreas(22)||||X83416|NM_001080123.3|NP_001073592.1|HGNC:9449|prion_%20_protein|Approved|gene_%20_with_%20_protein_%20_product|protein-coding_%20_gene|PRIP_%2C__%20_GSS_%2C__%20_CJD|""prion_%20_protein_%20_(p27-30)""|CD230_%2C__%20_PRP_%2C__%20_AltPrP|""Creutzfeldt-Jakob_%20_disease""_%2C__%20_""Gerstmann-Strausler-Scheinker_%20_syndrome""_%2C__%20_""fatal_%20_familial_%20_insomnia""_%2C__%20_""p27-30""|20p13|2023-01-20||2008-07-28|M13899||5621|ENSG00000171867||NM_000311|471|CD_%20_molecules|CCDS13080|OTTHUMG00000031786|5621|176640|NM_000311|F7VJQ1_%2C__%20_P04156|ENSG00000171867|uc021wae.3|hg38|OREG1597665|Type_%3D_TRANSCRIPTION_%20_FACTOR_%20_BINDING_%20_SITE_%7C_Gene_Symbol_%3D_PRNP_%7C_Gene_ID_%3D_ENSG00000171867_%7C_Gene_Source_%3D_ENSEMBL_%7C_Regulatory_Element_Symbol_%3D_FOXA1_%7C_Regulatory_Element_ID_%3D_ENST00000250448_%7C_Regulatory_Element_Source_%3D_ENSEMBL_%7C_PMID_%3D_18971253_%7C_Dataset_%3D_PAZAR|APRIO_HUMAN|||F7VJQ1||integral_%20_component_%20_of_%20_membrane_%20_(GO:0016021)_%7C_mitochondrial_%20_outer_%20_membrane_%20_(GO:0005741)||true|false|0.7532_%2C_0.2468|false|false|1|false|true|false|PRNP:5621|true|false|true|true|true|false|false|false|false|false|false|false|false|false|false|false|false|false|false|false|2093390|4691661|true|false|0|true|0|false|0.70214545107033639_%2C_0.29785454892966360|false|false|false|SNV|true|0x05010008000515013e000100|1|false|96|rs2093390||||||||||||||||||||||||||||||||||||||||||2.94305e-01|3.14828e-01|3.12534e-01|3.16501e-01|3.54953e-01|3.30918e-01|3.77880e-01|2.39583e-01|1.87500e-01|2.59615e-01|1.54044e-02|1.30597e-02|1.66341e-02|2.95036e-01|2.81106e-01|2.76573e-01|2.86241e-01|2.93723e-01|3.11939e-01|3.02006e-01|3.13365e-01|3.10811e-01|3.18246e-01|3.08052e-01|3.11321e-01|2.89668e-01|2.77580e-01|3.02682e-01|3.54953e-01|2.94181e-01||20|4672307|false|false|rs2093390|]	C/T	6253	6131	122	0.01951063489525028	PRNP	INTRON	rs2093390	INTRON	0.3055	20-4691661-C-T
CJD3.noPoN	NA	chr20	4695334	intron	G	A	PASS	0.228	NA	[PRNP|hg38|chr20|4695334|4695334|INTRON||SNP|G|G|A|g.chr20:4695334G>A|ENST00000457586.2|+|||c.e2-3877G>A|||0.39900249376558605|CTCTGCATGCGTCCATGTGTT|PRNP_ENST00000430350.2_INTRON/PRNP_ENST00000379440.9_INTRON/PRNP_ENST00000424424.2_INTRON||||||||||||||||||||||||||||91|biliary_tract(2)_%7C_breast(11)_%7C_central_nervous_system(44)_%7C_large_intestine(11)_%7C_lung(1)_%7C_pancreas(22)||||X83416|NM_001080123.3|NP_001073592.1|HGNC:9449|prion_%20_protein|Approved|gene_%20_with_%20_protein_%20_product|protein-coding_%20_gene|PRIP_%2C__%20_GSS_%2C__%20_CJD|""prion_%20_protein_%20_(p27-30)""|CD230_%2C__%20_PRP_%2C__%20_AltPrP|""Creutzfeldt-Jakob_%20_disease""_%2C__%20_""Gerstmann-Strausler-Scheinker_%20_syndrome""_%2C__%20_""fatal_%20_familial_%20_insomnia""_%2C__%20_""p27-30""|20p13|2023-01-20||2008-07-28|M13899||5621|ENSG00000171867||NM_000311|471|CD_%20_molecules|CCDS13080|OTTHUMG00000031786|5621|176640|NM_000311|F7VJQ1_%2C__%20_P04156|ENSG00000171867|uc021wae.3||||APRIO_HUMAN|||F7VJQ1||integral_%20_component_%20_of_%20_membrane_%20_(GO:0016021)_%7C_mitochondrial_%20_outer_%20_membrane_%20_(GO:0005741)||true|false|0.8085_%2C_0.1915|false|false|1|false|true|false|PRNP:5621|true|true|true|true|true|false|false|false|false|false|false|false|false|false|false|false|false|false|false|false|6052772|4695334|false|false|0|true|0|false|0.76735314729867482_%2C_0.23264685270132517|false|false|false|SNV|true|0x05010008000515053e000100|1|false|114|rs6052772||||||||||||||||||||||||||||||||||||||||||2.25428e-01|2.39401e-01|2.41003e-01|2.38228e-01|2.71327e-01|2.47573e-01|2.93981e-01|2.20690e-01|1.75000e-01|2.38095e-01|1.86136e-02|2.41636e-02|1.56863e-02|2.27417e-01|1.99250e-01|1.94565e-01|2.04545e-01|2.23843e-01|2.42746e-01|2.24508e-01|2.46830e-01|2.39520e-01|2.53385e-01|2.38476e-01|2.54717e-01|2.14549e-01|1.99288e-01|2.30916e-01|2.71327e-01|2.25522e-01||20|4675980|false|false|rs6052772|]	G/A	6084	5987	97	0.01594345825115056	PRNP	INTRON	rs6052772	INTRON	0.2361	20-4695334-G-A
CJD3.noPoN	NA	chr20	4696446	intron	G	A	PASS	0.22	NA	[PRNP|hg38|chr20|4696446|4696446|INTRON||SNP|G|G|A|g.chr20:4696446G>A|ENST00000457586.2|+|||c.e2-2765G>A|||0.4089775561097257|GAGGAATGCCGTTGGTTTTCG|PRNP_ENST00000430350.2_INTRON/PRNP_ENST00000379440.9_INTRON/PRNP_ENST00000424424.2_INTRON||||||||||||||||||||||||||||91|biliary_tract(2)_%7C_breast(11)_%7C_central_nervous_system(44)_%7C_large_intestine(11)_%7C_lung(1)_%7C_pancreas(22)||||X83416|NM_001080123.3|NP_001073592.1|HGNC:9449|prion_%20_protein|Approved|gene_%20_with_%20_protein_%20_product|protein-coding_%20_gene|PRIP_%2C__%20_GSS_%2C__%20_CJD|""prion_%20_protein_%20_(p27-30)""|CD230_%2C__%20_PRP_%2C__%20_AltPrP|""Creutzfeldt-Jakob_%20_disease""_%2C__%20_""Gerstmann-Strausler-Scheinker_%20_syndrome""_%2C__%20_""fatal_%20_familial_%20_insomnia""_%2C__%20_""p27-30""|20p13|2023-01-20||2008-07-28|M13899||5621|ENSG00000171867||NM_000311|471|CD_%20_molecules|CCDS13080|OTTHUMG00000031786|5621|176640|NM_000311|F7VJQ1_%2C__%20_P04156|ENSG00000171867|uc021wae.3||||APRIO_HUMAN|||F7VJQ1||integral_%20_component_%20_of_%20_membrane_%20_(GO:0016021)_%7C_mitochondrial_%20_outer_%20_membrane_%20_(GO:0005741)||true|false|0.8205_%2C_0.1795|false|false|1|false|true|false|PRNP:5621|true|true|true|true|true|false|true|false|false|false|false|false|false|false|false|true|true|false|false|false|6107516|4696446|false|false|0|true|0|false|0.77721234709480122_%2C_0.22278765290519877|false|false|false|SNV|true|0x050128080005150536020100|1|false|114|rs6107516||||||||||||||||||||||||||||||||||||||||||2.16607e-01|2.07614e-01|2.07563e-01|2.07652e-01|2.70784e-01|2.51220e-01|2.89352e-01|2.20690e-01|1.75000e-01|2.38095e-01|1.85897e-02|2.41636e-02|1.56556e-02|2.18296e-01|1.99309e-01|1.93933e-01|2.05412e-01|2.15261e-01|2.42783e-01|2.23050e-01|2.46315e-01|2.39995e-01|2.53791e-01|2.40169e-01|2.54717e-01|2.14549e-01|1.98214e-01|2.31939e-01|2.70784e-01|2.16896e-01||20|4677092|false|false|rs6107516|]	G/A	6566	6454	112	0.017057569296375266	PRNP	INTRON	rs6107516	INTRON	0.2271	20-4696446-G-A
CJD6.noPoN	NA	chr20	4694509	intron	A	T	PASS	0.28	NA	[PRNP|hg38|chr20|4694509|4694509|INTRON||SNP|A|A|T|g.chr20:4694509A>T|ENST00000457586.2|+|||c.e2-4702A>T|||0.26184538653366585|TAATTTATTAACCTTTTAAAG|PRNP_ENST00000430350.2_INTRON/PRNP_ENST00000379440.9_INTRON/PRNP_ENST00000424424.2_INTRON||||||||||||||||||||||||||||91|biliary_tract(2)_%7C_breast(11)_%7C_central_nervous_system(44)_%7C_large_intestine(11)_%7C_lung(1)_%7C_pancreas(22)||||X83416|NM_001080123.3|NP_001073592.1|HGNC:9449|prion_%20_protein|Approved|gene_%20_with_%20_protein_%20_product|protein-coding_%20_gene|PRIP_%2C__%20_GSS_%2C__%20_CJD|""prion_%20_protein_%20_(p27-30)""|CD230_%2C__%20_PRP_%2C__%20_AltPrP|""Creutzfeldt-Jakob_%20_disease""_%2C__%20_""Gerstmann-Strausler-Scheinker_%20_syndrome""_%2C__%20_""fatal_%20_familial_%20_insomnia""_%2C__%20_""p27-30""|20p13|2023-01-20||2008-07-28|M13899||5621|ENSG00000171867||NM_000311|471|CD_%20_molecules|CCDS13080|OTTHUMG00000031786|5621|176640|NM_000311|F7VJQ1_%2C__%20_P04156|ENSG00000171867|uc021wae.3||||APRIO_HUMAN|||F7VJQ1||integral_%20_component_%20_of_%20_membrane_%20_(GO:0016021)_%7C_mitochondrial_%20_outer_%20_membrane_%20_(GO:0005741)||true|false|0.7704_%2C_0.2296|false|false|1|false|true|false|PRNP:5621|true|true|true|true|true|false|false|false|false|false|false|false|false|false|false|true|true|false|false|false|6037932|4694509|false|false|0|true|0|false|0.72188774209989806_%2C_0.27811225790010193|false|false|false|SNV|true|0x05012808000515053e000100|1|false|114|rs6037932||||||||||||||||||||||||||||||||||||||||||2.77246e-01|2.53622e-01|2.56124e-01|2.51791e-01|3.43972e-01|3.25243e-01|3.61751e-01|2.34483e-01|1.87500e-01|2.52381e-01|2.17949e-02|2.41636e-02|2.05479e-02|2.80539e-01|2.81051e-01|2.76931e-01|2.85714e-01|2.74624e-01|3.11947e-01|3.01573e-01|3.13569e-01|3.10669e-01|3.18447e-01|3.08561e-01|3.01887e-01|2.89134e-01|2.79359e-01|2.99618e-01|3.43972e-01|2.77215e-01||20|4675155|false|false|rs6037932|]	A/T	1104	681	423	0.38315217391304346	PRNP	INTRON	rs6037932	INTRON	0.2872	20-4694509-A-T
CJD7.noPoN	NA	chr20	4694270	intron	A	G	PASS	NA	NA	[PRNP|hg38|chr20|4694270|4694270|INTRON||SNP|A|A|G|g.chr20:4694270A>G|ENST00000457586.2|+|||c.e2-4941A>G|||0.3516209476309227|GGAGGCCAAGACAGGAAGATC|PRNP_ENST00000430350.2_INTRON/PRNP_ENST00000379440.9_INTRON/PRNP_ENST00000424424.2_INTRON||||||||||||||||||||||||||||91|biliary_tract(2)_%7C_breast(11)_%7C_central_nervous_system(44)_%7C_large_intestine(11)_%7C_lung(1)_%7C_pancreas(22)||||X83416|NM_001080123.3|NP_001073592.1|HGNC:9449|prion_%20_protein|Approved|gene_%20_with_%20_protein_%20_product|protein-coding_%20_gene|PRIP_%2C__%20_GSS_%2C__%20_CJD|""prion_%20_protein_%20_(p27-30)""|CD230_%2C__%20_PRP_%2C__%20_AltPrP|""Creutzfeldt-Jakob_%20_disease""_%2C__%20_""Gerstmann-Strausler-Scheinker_%20_syndrome""_%2C__%20_""fatal_%20_familial_%20_insomnia""_%2C__%20_""p27-30""|20p13|2023-01-20||2008-07-28|M13899||5621|ENSG00000171867||NM_000311|471|CD_%20_molecules|CCDS13080|OTTHUMG00000031786|5621|176640|NM_000311|F7VJQ1_%2C__%20_P04156|ENSG00000171867|uc021wae.3||||APRIO_HUMAN|||F7VJQ1||integral_%20_component_%20_of_%20_membrane_%20_(GO:0016021)_%7C_mitochondrial_%20_outer_%20_membrane_%20_(GO:0005741)||false|false||false|false||false|false|false||false|false|false|false|false|false|false|false|false|false|false|false|false|false|false|false|false|false|false|false|||false|false||false||false||false|false|false||false|||false|||||||||||||||||||||||||||||||||||||||||||||||||||||||||||||||||||||||||||||false|false||]	A/G	1314	1307	7	0.00532724505327245	PRNP	INTRON	NA	INTRON	NA	20-4694270-A-G
Ctrl1.noPoN	NA	chr20	4691495	intron	C	G	PASS	NA	NA	[PRNP|hg38|chr20|4691495|4691495|INTRON||SNP|C|C|G|g.chr20:4691495C>G|ENST00000457586.2|+|||c.e1+4759C>G|||0.3516209476309227|TTTTGTCAAACGCTTTTTCTG|PRNP_ENST00000430350.2_INTRON/PRNP_ENST00000379440.9_INTRON/PRNP_ENST00000424424.2_INTRON||||||||||||||||||||||||||||91|biliary_tract(2)_%7C_breast(11)_%7C_central_nervous_system(44)_%7C_large_intestine(11)_%7C_lung(1)_%7C_pancreas(22)||||X83416|NM_001080123.3|NP_001073592.1|HGNC:9449|prion_%20_protein|Approved|gene_%20_with_%20_protein_%20_product|protein-coding_%20_gene|PRIP_%2C__%20_GSS_%2C__%20_CJD|""prion_%20_protein_%20_(p27-30)""|CD230_%2C__%20_PRP_%2C__%20_AltPrP|""Creutzfeldt-Jakob_%20_disease""_%2C__%20_""Gerstmann-Strausler-Scheinker_%20_syndrome""_%2C__%20_""fatal_%20_familial_%20_insomnia""_%2C__%20_""p27-30""|20p13|2023-01-20||2008-07-28|M13899||5621|ENSG00000171867||NM_000311|471|CD_%20_molecules|CCDS13080|OTTHUMG00000031786|5621|176640|NM_000311|F7VJQ1_%2C__%20_P04156|ENSG00000171867|uc021wae.3||||APRIO_HUMAN|||F7VJQ1||integral_%20_component_%20_of_%20_membrane_%20_(GO:0016021)_%7C_mitochondrial_%20_outer_%20_membrane_%20_(GO:0005741)||false|false||false|false||false|false|false||false|false|false|false|false|false|false|false|false|false|false|false|false|false|false|false|false|false|false|false|||false|false||false||false||false|false|false||false|||false|||||||||||||||||||||||||||||||||||||||||||||||||||||||||||||||||||||||||||||false|false||]	C/G	129	125	4	0.031007751937984496	PRNP	INTRON	NA	INTRON	NA	20-4691495-C-G
Ctrl4.noPoN	NA	chr20	4694249	intron	T	C	PASS	NA	NA	[PRNP|hg38|chr20|4694249|4694249|INTRON||SNP|T|T|C|g.chr20:4694249T>C|ENST00000457586.2|+|||c.e2-4962T>C|||0.35910224438902744|ACCTGTAATCTCAGCACTTTG|PRNP_ENST00000430350.2_INTRON/PRNP_ENST00000379440.9_INTRON/PRNP_ENST00000424424.2_INTRON||||||||||||||||||||||||||||91|biliary_tract(2)_%7C_breast(11)_%7C_central_nervous_system(44)_%7C_large_intestine(11)_%7C_lung(1)_%7C_pancreas(22)||||X83416|NM_001080123.3|NP_001073592.1|HGNC:9449|prion_%20_protein|Approved|gene_%20_with_%20_protein_%20_product|protein-coding_%20_gene|PRIP_%2C__%20_GSS_%2C__%20_CJD|""prion_%20_protein_%20_(p27-30)""|CD230_%2C__%20_PRP_%2C__%20_AltPrP|""Creutzfeldt-Jakob_%20_disease""_%2C__%20_""Gerstmann-Strausler-Scheinker_%20_syndrome""_%2C__%20_""fatal_%20_familial_%20_insomnia""_%2C__%20_""p27-30""|20p13|2023-01-20||2008-07-28|M13899||5621|ENSG00000171867||NM_000311|471|CD_%20_molecules|CCDS13080|OTTHUMG00000031786|5621|176640|NM_000311|F7VJQ1_%2C__%20_P04156|ENSG00000171867|uc021wae.3||||APRIO_HUMAN|||F7VJQ1||integral_%20_component_%20_of_%20_membrane_%20_(GO:0016021)_%7C_mitochondrial_%20_outer_%20_membrane_%20_(GO:0005741)||true|false||false|false||false|false|false|PRNP:5621|false|false|true|false|false|false|false|false|false|false|false|false|false|false|false|false|false|false|false|false|996098774|4694249|false|false|0|false|0|false||false|false|false|SNV|false|0x050000080005000002000100|1|false|150|rs996098774|||||||||||||||||||||||||||||||||||||||||||||||||||||||||||||||||||||||||||false|false||]	T/C	4	2	2	0.5	PRNP	INTRON	NA	INTRON	NA	20-4694249-T-C
Ctrl5.noPoN	NA	chr20	4694509	intron	A	T	PASS	0.28	NA	[PRNP|hg38|chr20|4694509|4694509|INTRON||SNP|A|A|T|g.chr20:4694509A>T|ENST00000457586.2|+|||c.e2-4702A>T|||0.26184538653366585|TAATTTATTAACCTTTTAAAG|PRNP_ENST00000430350.2_INTRON/PRNP_ENST00000379440.9_INTRON/PRNP_ENST00000424424.2_INTRON||||||||||||||||||||||||||||91|biliary_tract(2)_%7C_breast(11)_%7C_central_nervous_system(44)_%7C_large_intestine(11)_%7C_lung(1)_%7C_pancreas(22)||||X83416|NM_001080123.3|NP_001073592.1|HGNC:9449|prion_%20_protein|Approved|gene_%20_with_%20_protein_%20_product|protein-coding_%20_gene|PRIP_%2C__%20_GSS_%2C__%20_CJD|""prion_%20_protein_%20_(p27-30)""|CD230_%2C__%20_PRP_%2C__%20_AltPrP|""Creutzfeldt-Jakob_%20_disease""_%2C__%20_""Gerstmann-Strausler-Scheinker_%20_syndrome""_%2C__%20_""fatal_%20_familial_%20_insomnia""_%2C__%20_""p27-30""|20p13|2023-01-20||2008-07-28|M13899||5621|ENSG00000171867||NM_000311|471|CD_%20_molecules|CCDS13080|OTTHUMG00000031786|5621|176640|NM_000311|F7VJQ1_%2C__%20_P04156|ENSG00000171867|uc021wae.3||||APRIO_HUMAN|||F7VJQ1||integral_%20_component_%20_of_%20_membrane_%20_(GO:0016021)_%7C_mitochondrial_%20_outer_%20_membrane_%20_(GO:0005741)||true|false|0.7704_%2C_0.2296|false|false|1|false|true|false|PRNP:5621|true|true|true|true|true|false|false|false|false|false|false|false|false|false|false|true|true|false|false|false|6037932|4694509|false|false|0|true|0|false|0.72188774209989806_%2C_0.27811225790010193|false|false|false|SNV|true|0x05012808000515053e000100|1|false|114|rs6037932||||||||||||||||||||||||||||||||||||||||||2.77246e-01|2.53622e-01|2.56124e-01|2.51791e-01|3.43972e-01|3.25243e-01|3.61751e-01|2.34483e-01|1.87500e-01|2.52381e-01|2.17949e-02|2.41636e-02|2.05479e-02|2.80539e-01|2.81051e-01|2.76931e-01|2.85714e-01|2.74624e-01|3.11947e-01|3.01573e-01|3.13569e-01|3.10669e-01|3.18447e-01|3.08561e-01|3.01887e-01|2.89134e-01|2.79359e-01|2.99618e-01|3.43972e-01|2.77215e-01||20|4675155|false|false|rs6037932|]	A/T	787	491	296	0.3761118170266836	PRNP	INTRON	rs6037932	INTRON	0.2872	20-4694509-A-T
