CHROM	POS	REF	ALT	FILTER	AF	GNOMAD_AF	FUNCOTATION	MQ	AS_SB_TABLE	STRANDQ	CJD8.GT	CJD8.DP	CJD8.AD	CJD8.F1R2	CJD8.F2R1	CJD8.SB
chr2	96867	A	G	PASS	NA	NA	[Unknown|hg38|chr2|96867|96867|IGR||SNP|A|A|G|g.chr2:96867A>G|no_transcript|||||||0.4089775561097257|AGAAAAAGAGAGATTCCTCCC||||||||||||||||||||||||||||||||||||||||||||||||||||||||||||||||||||||||||||false|false||false|false||false|false|false||false|false|false|false|false|false|false|false|false|false|false|false|false|false|false|false|false|false|false|false|||false|false||false||false||false|false|false||false|||false|||||||||||||||||||||||||||||||||||||||||||||||||||||||||||||||||||||||||||||false|false||]	NA	0,0|0,0	NA	A|G	1	0,1	0,1	0,0	0,0,1,0
chr2	96870	T	A	PASS	NA	NA	[Unknown|hg38|chr2|96870|96870|IGR||SNP|T|T|A|g.chr2:96870T>A|no_transcript|||||||0.40648379052369077|AAAAGAGAGATTCCTCCCTAA||||||||||||||||||||||||||||||||||||||||||||||||||||||||||||||||||||||||||||false|false||false|false||false|false|false||false|false|false|false|false|false|false|false|false|false|false|false|false|false|false|false|false|false|false|false|||false|false||false||false||false|false|false||false|||false|||||||||||||||||||||||||||||||||||||||||||||||||||||||||||||||||||||||||||||false|false||]	NA	0,0|0,0	NA	T|A	1	0,1	0,1	0,0	0,0,1,0
chr2	33787830	CA	TG	PASS	NA	NA	[LINC01320|hg38|chr2|33787830|33787831|RNA||DNP|CA|CA|TG|g.chr2:33787830_33787831CA>TG|ENST00000442026.1|+|||c.e2-67858CA>TG|||0.5174129353233831|CCATGTTAGCCAGGATGGTCTT|LINC01320_ENST00000671333.1_RNA||||||||||||||||||||||||||||||||||||HGNC:50526|long_%20_intergenic_%20_non-protein_%20_coding_%20_RNA_%20_1320|Approved|RNA_%2C__%20_long_%20_non-coding|non-coding_%20_RNA|||||2p22.3|2020-01-24|||BX395998_%2C__%20_BI759570||104355288|ENSG00000228262||NR_126404|1986|Long_%20_intergenic_%20_non-protein_%20_coding_%20_RNAs||OTTHUMG00000152144|104355288||NR_126404||ENSG00000228262||||||||||||false|false||false|false||false|false|false||false|false|false|false|false|false|false|false|false|false|false|false|false|false|false|false|false|false|false|false|||false|false||false||false||false|false|false||false|||false|||||||||||||||||||||||||||||||||||||||||||||||||||||||||||||||||||||||||||||false|false||]	NA	0,0|0,0	NA	CA/TG	1	0,1	0,0	0,1	0,0,1,0
chr2	43952116	C	T	PASS	NA	NA	[LRPPRC|hg38|chr2|43952116|43952116|INTRON||SNP|C|C|T|g.chr2:43952116C>T|ENST00000260665.12|-|||c.e15+1516G>A|||0.4937655860349127|TCGCTTGAACCCGGGAGGCGG|LRPPRC_ENST00000683213.1_INTRON/LRPPRC_ENST00000682546.1_INTRON/LRPPRC_ENST00000682779.1_INTRON/LRPPRC_ENST00000682480.1_INTRON/LRPPRC_ENST00000682308.1_INTRON/LRPPRC_ENST00000683125.1_INTRON/LRPPRC_ENST00000683220.1_INTRON/LRPPRC_ENST00000683833.1_INTRON/LRPPRC_ENST00000683623.1_INTRON/LRPPRC_ENST00000683590.1_INTRON/LRPPRC_ENST00000682885.1_INTRON/LRPPRC_ENST00000683989.1_INTRON/LRPPRC_ENST00000447246.2_INTRON/LRPPRC_ENST00000409659.6_INTRON/LRPPRC_ENST00000682104.1_INTRON||||||||||||||||||||||||||||94|biliary_tract(2)_%7C_breast(11)_%7C_central_nervous_system(44)_%7C_large_intestine(11)_%7C_liver(1)_%7C_lung(2)_%7C_pancreas(22)_%7C_upper_aerodigestive_tract(1)||||M92439|NM_133259.4|NP_573566.2|HGNC:15714|leucine_%20_rich_%20_pentatricopeptide_%20_repeat_%20_containing|Approved|gene_%20_with_%20_protein_%20_product|protein-coding_%20_gene|LSFC|"Leigh_%20_syndrome_%2C__%20_French-Canadian_%20_type_%20_(cytochrome_%20_oxidase_%20_deficiency)"|GP130_%2C__%20_LRP130||2p21|2023-01-20||2015-11-27|M92439||10128|ENSG00000138095|8012652_%2C__%20_8619474_%2C__%20_22045337|NM_133259|645_%7C_1823|Mitochondrial_%20_respiratory_%20_chain_%20_complex_%20_assembly_%20_factors_%7C_Pentatricopeptide_%20_repeat_%20_containing|CCDS33189|OTTHUMG00000152782|10128|607544|NM_133259|P42704|ENSG00000138095|uc002rtr.3||||LPPRC_HUMAN||A0PJE3_%7C_A8K1V1_%7C_Q53PC0_%7C_Q53QN7_%7C_Q6ZUD8_%7C_Q7Z7A6_%7C_Q96D84|P42704|mitochondrion_%20_transport_%20_along_%20_microtubule_%20_(GO:0047497)_%7C_mRNA_%20_transport_%20_(GO:0051028)_%7C_negative_%20_regulation_%20_of_%20_mitochondrial_%20_RNA_%20_catabolic_%20_process_%20_(GO:0000961)_%7C_regulation_%20_of_%20_mitochondrial_%20_translation_%20_(GO:0070129)_%7C_regulation_%20_of_%20_transcription_%2C__%20_DNA-templated_%20_(GO:0006355)_%7C_transcription_%2C__%20_DNA-templated_%20_(GO:0006351)|condensed_%20_nuclear_%20_chromosome_%20_(GO:0000794)_%7C_cytoskeleton_%20_(GO:0005856)_%7C_membrane_%20_(GO:0016020)_%7C_microtubule_%20_(GO:0005874)_%7C_mitochondrial_%20_nucleoid_%20_(GO:0042645)_%7C_mitochondrion_%20_(GO:0005739)_%7C_nucleus_%20_(GO:0005634)_%7C_perinuclear_%20_region_%20_of_%20_cytoplasm_%20_(GO:0048471)_%7C_ribonucleoprotein_%20_complex_%20_(GO:0030529)|beta-tubulin_%20_binding_%20_(GO:0048487)_%7C_microtubule_%20_binding_%20_(GO:0008017)_%7C_poly(A)_%20_RNA_%20_binding_%20_(GO:0044822)_%7C_RNA_%20_binding_%20_(GO:0003723)_%7C_single-stranded_%20_DNA_%20_binding_%20_(GO:0003697)|false|false||false|false||false|false|false||false|false|false|false|false|false|false|false|false|false|false|false|false|false|false|false|false|false|false|false|||false|false||false||false||false|false|false||false|||false|||||||||||||||||||||||||||||||||||||||||||||||||||||||||||||||||||||||||||||false|false||]	NA	0,0|0,0	NA	C|T	1	0,1	0,1	0,0	0,0,1,0
chr2	43952118	G	A	PASS	9.845e-05	NA	[LRPPRC|hg38|chr2|43952118|43952118|INTRON||SNP|G|G|A|g.chr2:43952118G>A|ENST00000260665.12|-|||c.e15+1518C>T|||0.48877805486284287|GCTTGAACCCGGGAGGCGGAG|LRPPRC_ENST00000683213.1_INTRON/LRPPRC_ENST00000682546.1_INTRON/LRPPRC_ENST00000682779.1_INTRON/LRPPRC_ENST00000682480.1_INTRON/LRPPRC_ENST00000682308.1_INTRON/LRPPRC_ENST00000683125.1_INTRON/LRPPRC_ENST00000683220.1_INTRON/LRPPRC_ENST00000683833.1_INTRON/LRPPRC_ENST00000683623.1_INTRON/LRPPRC_ENST00000683590.1_INTRON/LRPPRC_ENST00000682885.1_INTRON/LRPPRC_ENST00000683989.1_INTRON/LRPPRC_ENST00000447246.2_INTRON/LRPPRC_ENST00000409659.6_INTRON/LRPPRC_ENST00000682104.1_INTRON||||||||||||||||||||||||||||94|biliary_tract(2)_%7C_breast(11)_%7C_central_nervous_system(44)_%7C_large_intestine(11)_%7C_liver(1)_%7C_lung(2)_%7C_pancreas(22)_%7C_upper_aerodigestive_tract(1)||||M92439|NM_133259.4|NP_573566.2|HGNC:15714|leucine_%20_rich_%20_pentatricopeptide_%20_repeat_%20_containing|Approved|gene_%20_with_%20_protein_%20_product|protein-coding_%20_gene|LSFC|"Leigh_%20_syndrome_%2C__%20_French-Canadian_%20_type_%20_(cytochrome_%20_oxidase_%20_deficiency)"|GP130_%2C__%20_LRP130||2p21|2023-01-20||2015-11-27|M92439||10128|ENSG00000138095|8012652_%2C__%20_8619474_%2C__%20_22045337|NM_133259|645_%7C_1823|Mitochondrial_%20_respiratory_%20_chain_%20_complex_%20_assembly_%20_factors_%7C_Pentatricopeptide_%20_repeat_%20_containing|CCDS33189|OTTHUMG00000152782|10128|607544|NM_133259|P42704|ENSG00000138095|uc002rtr.3||||LPPRC_HUMAN||A0PJE3_%7C_A8K1V1_%7C_Q53PC0_%7C_Q53QN7_%7C_Q6ZUD8_%7C_Q7Z7A6_%7C_Q96D84|P42704|mitochondrion_%20_transport_%20_along_%20_microtubule_%20_(GO:0047497)_%7C_mRNA_%20_transport_%20_(GO:0051028)_%7C_negative_%20_regulation_%20_of_%20_mitochondrial_%20_RNA_%20_catabolic_%20_process_%20_(GO:0000961)_%7C_regulation_%20_of_%20_mitochondrial_%20_translation_%20_(GO:0070129)_%7C_regulation_%20_of_%20_transcription_%2C__%20_DNA-templated_%20_(GO:0006355)_%7C_transcription_%2C__%20_DNA-templated_%20_(GO:0006351)|condensed_%20_nuclear_%20_chromosome_%20_(GO:0000794)_%7C_cytoskeleton_%20_(GO:0005856)_%7C_membrane_%20_(GO:0016020)_%7C_microtubule_%20_(GO:0005874)_%7C_mitochondrial_%20_nucleoid_%20_(GO:0042645)_%7C_mitochondrion_%20_(GO:0005739)_%7C_nucleus_%20_(GO:0005634)_%7C_perinuclear_%20_region_%20_of_%20_cytoplasm_%20_(GO:0048471)_%7C_ribonucleoprotein_%20_complex_%20_(GO:0030529)|beta-tubulin_%20_binding_%20_(GO:0048487)_%7C_microtubule_%20_binding_%20_(GO:0008017)_%7C_poly(A)_%20_RNA_%20_binding_%20_(GO:0044822)_%7C_RNA_%20_binding_%20_(GO:0003723)_%7C_single-stranded_%20_DNA_%20_binding_%20_(GO:0003697)|true|false||false|false||false|false|false|LRPPRC:10128|false|false|true|false|false|false|false|false|false|false|false|false|false|false|false|false|false|false|false|false|929024810|43952118|false|false|0|false|0|false|0.99998407237512742_%2C_0.00001592762487257|false|false|false|SNV|false|0x050000080005000002000100|1|false|150|rs929024810|||||||||||||||||||||||||||||||||||||||||||||||||||||||||||||||||||||||||||false|false||]	NA	0,0|0,0	NA	G|A	1	0,1	0,1	0,0	0,0,1,0
chr2	82134162	TC	CT	PASS	NA	NA	[Unknown|hg38|chr2|82134162|82134163|IGR||DNP|TC|TC|CT|g.chr2:82134162_82134163TC>CT|no_transcript|||||||0.49502487562189057|CTCAGGTGATTCGCCCGCCTCG||||||||||||||||||||||||||||||||||||||||||||||||||||||||||||||||||||||||||||false|false||false|false||false|false|false||false|false|false|false|false|false|false|false|false|false|false|false|false|false|false|false|false|false|false|false|||false|false||false||false||false|false|false||false|||false|||||||||||||||||||||||||||||||||||||||||||||||||||||||||||||||||||||||||||||false|false||]	NA	0,0|0,0	NA	TC/CT	1	0,1	0,1	0,0	0,0,1,0
chr2	132273457	G	A	PASS	NA	NA	[Unknown|hg38|chr2|132273457|132273457|IGR||SNP|G|G|A|g.chr2:132273457G>A|no_transcript|||||||0.5087281795511222|GAAGGGAATAGGGCTTTGTGC||||||||||||||||||||||||||||||||||||||||||||||||||||||||||||||||||hg38|OREG1500595|Type_%3D_TRANSCRIPTION_%20_FACTOR_%20_BINDING_%20_SITE_%7C_Gene_Symbol_%3D_CDC27P1_%7C_Gene_ID_%3D_ENSG00000233786_%7C_Gene_Source_%3D_ENSEMBL_%7C_Regulatory_Element_Symbol_%3D_EGR1_%7C_Regulatory_Element_ID_%3D_ENST00000239938_%7C_Regulatory_Element_Source_%3D_ENSEMBL_%7C_PMID_%3D_18971253_%7C_Dataset_%3D_PAZAR||||||||true|false|0.9998_%2C_0.0001997|false|false|0|false|false|false|LOC105373622:105373622|false|true|true|false|true|false|false|false|false|false|false|false|false|false|false|false|false|false|false|false|62167528|132273457|false|false|0|false|1|false|0.99992832568807339_%2C_0.00007167431192660|false|false|false|SNV|false|0x050000080005000426000140|1|false|129|rs62167528|||||||||||||||||||||||||||||||||||||||||||||||||||||||||||||||||||||||||||false|false||]	NA	0,0|0,0	NA	G|A	2	0,2	0,2	0,0	0,0,2,0
chr2	132273462	T	C	PASS	NA	NA	[Unknown|hg38|chr2|132273462|132273462|IGR||SNP|T|T|C|g.chr2:132273462T>C|no_transcript|||||||0.513715710723192|GAATAGGGCTTTGTGCTTATG||||||||||||||||||||||||||||||||||||||||||||||||||||||||||||||||||hg38|OREG1500595|Type_%3D_TRANSCRIPTION_%20_FACTOR_%20_BINDING_%20_SITE_%7C_Gene_Symbol_%3D_CDC27P1_%7C_Gene_ID_%3D_ENSG00000233786_%7C_Gene_Source_%3D_ENSEMBL_%7C_Regulatory_Element_Symbol_%3D_EGR1_%7C_Regulatory_Element_ID_%3D_ENST00000239938_%7C_Regulatory_Element_Source_%3D_ENSEMBL_%7C_PMID_%3D_18971253_%7C_Dataset_%3D_PAZAR||||||||true|false||false|false||false|false|false|LOC105373622:105373622|false|false|true|false|false|false|false|false|false|false|false|false|false|false|false|false|false|false|false|false|62167529|132273462|false|false|0|false|0|false||false|false|false|SNV|false|0x050000080005000002000100|1|false|129|rs62167529|||||||||||||||||||||||||||||||||||||||||||||||||||||||||||||||||||||||||||false|false||]	NA	0,0|0,0	NA	T|C	1	0,1	0,1	0,0	0,0,1,0
chr2	201527143	CA	TG	PASS	NA	NA	[C2CD6|hg38|chr2|201527143|201527144|INTRON||DNP|CA|CA|TG|g.chr2:201527143_201527144CA>TG|ENST00000439140.6|-|||c.e13-8878TG>CA|||0.35323383084577115|AAATCAAGAACACAATCCCATT|C2CD6_ENST00000286195.7_INTRON/C2CD6_ENST00000439802.5_INTRON||||||||||||||||||||||||||||161|biliary_tract(2)_%7C_breast(48)_%7C_central_nervous_system(44)_%7C_large_intestine(38)_%7C_liver(2)_%7C_pancreas(22)_%7C_soft_tissue(3)_%7C_urinary_tract(2)||||BX648732|NM_001168221.2|NP_001161693.1|HGNC:14438|C2_%20_calcium_%20_dependent_%20_domain_%20_containing_%20_6|Approved|gene_%20_with_%20_protein_%20_product|protein-coding_%20_gene|ALS2CR11|"amyotrophic_%20_lateral_%20_sclerosis_%20_2_%20_(juvenile)_%20_chromosome_%20_region_%2C__%20_candidate_%20_11"_%2C__%20_"amyotrophic_%20_lateral_%20_sclerosis_%20_2_%20_chromosome_%20_region_%20_candidate_%20_11"|FLJ25351||2q33.1|2023-01-20|2017-02-13|2017-02-13|AB053313||151254|ENSG00000155754|11586298_%2C__%20_34998468|NM_152525|823|C2_%20_domain_%20_containing|CCDS54430_%2C__%20_CCDS54429_%2C__%20_CCDS2349_%2C__%20_CCDS54428|OTTHUMG00000132830|151254|619776|NM_001168216|Q53TS8|ENSG00000155754|uc002uye.4|||||||||||false|false||false|false||false|false|false||false|false|false|false|false|false|false|false|false|false|false|false|false|false|false|false|false|false|false|false|||false|false||false||false||false|false|false||false|||false|||||||||||||||||||||||||||||||||||||||||||||||||||||||||||||||||||||||||||||false|false||]	NA	0,0|0,0	NA	CA/TG	1	0,1	0,0	0,1	0,0,1,0
chr20	30495125	C	G	PASS	NA	NA	[Unknown|hg38|chr20|30495125|30495125|IGR||SNP|C|C|G|g.chr20:30495125C>G|no_transcript|||||||0.30673316708229426|CAGTCTTCTACCAAACTTTTG||||||||||||||||||||||||||||||||||||||||||||||||||||||||||||||||||||||||||||false|false||false|false||false|false|false||false|false|false|false|false|false|false|false|false|false|false|false|false|false|false|false|false|false|false|false|||false|false||false||false||false|false|false||false|||false|||||||||||||||||||||||||||||||||||||||||||||||||||||||||||||||||||||||||||||false|false||]	NA	0,0|0,0	NA	C/G	2	0,2	0,1	0,0	0,0,2,0
chr4	15975440	CA	TG	PASS	NA	NA	[PROM1|hg38|chr4|15975440|15975441|INTRON||DNP|CA|CA|TG|g.chr4:15975440_15975441CA>TG|ENST00000505450.5|-|||c.e25-3955TG>CA|||0.5248756218905473|AGGCTGGTCTCAAACTCCTGAC|PROM1_ENST00000447510.7_INTRON/PROM1_ENST00000510224.5_INTRON/PROM1_ENST00000539194.6_INTRON/PROM1_ENST00000675377.1_INTRON/PROM1_ENST00000508167.5_INTRON/PROM1_ENST00000540805.6_INTRON/PROM1_ENST00000675613.1_INTRON||||||||||||||||||||||||||||304|biliary_tract(2)_%7C_breast(12)_%7C_central_nervous_system(22)_%7C_kidney(180)_%7C_large_intestine(11)_%7C_liver(2)_%7C_lung(53)_%7C_pancreas(22)||||HQ628626|NM_001371406.1|NP_001358335.1|HGNC:9454|prominin_%20_1|Approved|gene_%20_with_%20_protein_%20_product|protein-coding_%20_gene|PROML1_%2C__%20_MCDR2_%2C__%20_STGD4|"prominin_%20_(mouse)-like_%20_1"_%2C__%20_"macular_%20_dystrophy_%2C__%20_retinal_%20_2"_%2C__%20_"Stargardt_%20_disease_%20_4_%20_(autosomal_%20_dominant)"|AC133_%2C__%20_CD133_%2C__%20_RP41_%2C__%20_CORD12|"AC133_%20_antigen"_%2C__%20_"Retinitis_%20_pigmentosa_%20_41_%2C__%20_Cone-rod_%20_dystrophy_%20_12"|4p15.32|2023-06-06|2003-03-28|2001-11-28|AF027208||8842|ENSG00000007062|11467842|NM_006017|2244_%7C_471|Prominin_%20_family_%7C_CD_%20_molecules|CCDS54748_%2C__%20_CCDS93482_%2C__%20_CCDS47029_%2C__%20_CCDS54746_%2C__%20_CCDS54747_%2C__%20_CCDS93483|OTTHUMG00000160180|8842|604365|NM_001145847|O43490|ENSG00000007062|uc062vja.1||||PROM1_HUMAN||Q6SV49_%7C_Q6SV50_%7C_Q6SV51_%7C_Q6SV52_%7C_Q6SV53_%7C_Q96EN6|O43490|camera-type_%20_eye_%20_photoreceptor_%20_cell_%20_differentiation_%20_(GO:0060219)_%7C_glomerular_%20_parietal_%20_epithelial_%20_cell_%20_differentiation_%20_(GO:0072139)_%7C_glomerular_%20_visceral_%20_epithelial_%20_cell_%20_differentiation_%20_(GO:0072112)_%7C_photoreceptor_%20_cell_%20_maintenance_%20_(GO:0045494)_%7C_positive_%20_regulation_%20_of_%20_nephron_%20_tubule_%20_epithelial_%20_cell_%20_differentiation_%20_(GO:2000768)_%7C_retina_%20_layer_%20_formation_%20_(GO:0010842)_%7C_retina_%20_morphogenesis_%20_in_%20_camera-type_%20_eye_%20_(GO:0060042)|apical_%20_plasma_%20_membrane_%20_(GO:0016324)_%7C_brush_%20_border_%20_(GO:0005903)_%7C_cell_%20_surface_%20_(GO:0009986)_%7C_endoplasmic_%20_reticulum_%20_(GO:0005783)_%7C_endoplasmic_%20_reticulum-Golgi_%20_intermediate_%20_compartment_%20_(GO:0005793)_%7C_extracellular_%20_space_%20_(GO:0005615)_%7C_extracellular_%20_vesicular_%20_exosome_%20_(GO:0070062)_%7C_integral_%20_component_%20_of_%20_plasma_%20_membrane_%20_(GO:0005887)_%7C_photoreceptor_%20_outer_%20_segment_%20_(GO:0001750)_%7C_photoreceptor_%20_outer_%20_segment_%20_membrane_%20_(GO:0042622)_%7C_plasma_%20_membrane_%20_(GO:0005886)_%7C_stereocilium_%20_(GO:0032420)_%7C_vesicle_%20_(GO:0031982)|actinin_%20_binding_%20_(GO:0042805)_%7C_cadherin_%20_binding_%20_(GO:0045296)|false|false||false|false||false|false|false||false|false|false|false|false|false|false|false|false|false|false|false|false|false|false|false|false|false|false|false|||false|false||false||false||false|false|false||false|||false|||||||||||||||||||||||||||||||||||||||||||||||||||||||||||||||||||||||||||||false|false||]	NA	0,0|0,0	NA	CA/TG	1	0,1	0,1	0,0	0,0,1,0
chr4	48502368	CC	TT	PASS	NA	NA	[FRYL|hg38|chr4|48502368|48502369|INTRON||DNP|CC|CC|TT|g.chr4:48502368_48502369CC>TT|ENST00000358350.9|-|||c.e61-460GG>AA|||0.4651741293532338|TGGTGAAACCCCGTCTCTACTA|FRYL_ENST00000507873.8_INTRON||||||||||||||||||||||||||||102|biliary_tract(2)_%7C_central_nervous_system(44)_%7C_haematopoietic_and_lymphoid_tissue(25)_%7C_liver(2)_%7C_lung(7)_%7C_pancreas(22)||||U80082|NM_015030.2|NP_055845.1|HGNC:29127|FRY_%20_like_%20_transcription_%20_coactivator|Approved|gene_%20_with_%20_protein_%20_product|protein-coding_%20_gene|KIAA0826|"KIAA0826"_%2C__%20_"furry_%20_homolog-like_%20_(Drosophila)"_%2C__%20_"FRY_%20_like"|DKFZp686E205_%2C__%20_AF4p12_%2C__%20_MOR2|"mor2_%20_cell_%20_polarity_%20_protein_%20_homolog_%20_(S._%20_pombe)"|4p11|2023-01-20|2005-11-24|2015-11-13|AL833170||285527|ENSG00000075539|10048485_%2C__%20_23022380||1492|Armadillo_%20_like_%20_helical_%20_domain_%20_containing|CCDS43227|OTTHUMG00000160608|285527||NM_015030|O94915|ENSG00000075539|uc003gyh.1||||FRYL_HUMAN||O95640_%7C_Q8WTZ5_%7C_Q9NT40|O94915|regulation_%20_of_%20_transcription_%2C__%20_DNA-templated_%20_(GO:0006355)_%7C_transcription_%2C__%20_DNA-templated_%20_(GO:0006351)|||false|false||false|false||false|false|false||false|false|false|false|false|false|false|false|false|false|false|false|false|false|false|false|false|false|false|false|||false|false||false||false||false|false|false||false|||false|||||||||||||||||||||||||||||||||||||||||||||||||||||||||||||||||||||||||||||false|false||]	NA	0,0|0,0	NA	CC/TT	1	0,1	0,1	0,0	0,0,1,0
chr4	55379272	CA	TT	PASS	NA	NA	[ENSG00000288695|hg38|chr4|55379272|55379273|INTRON||DNP|CA|CA|TT|g.chr4:55379272_55379273CA>TT|ENST00000679707.1|+|||c.e5-3645CA>TT|||0.42786069651741293|AGTTTGCCAACATTCTGCGTTT|ENSG00000288695_ENST00000680700.1_INTRON/LINC02928_ENST00000681925.1_RNA/SRD5A3-AS1_ENST00000433175.6_RNA/SRD5A3-AS1_ENST00000510637.5_RNA/SRD5A3-AS1_ENST00000666009.1_RNA/SRD5A3-AS1_ENST00000599135.5_RNA/SRD5A3-AS1_ENST00000591915.5_RNA/SRD5A3-AS1_ENST00000592823.5_RNA|||||||||||||||||||||||||||||||||AC069200||||||||||||||||||||||||||||||||hg38|OREG1604124|Type_%3D_TRANSCRIPTION_%20_FACTOR_%20_BINDING_%20_SITE_%7C_Gene_Symbol_%3D_SRD5A3_%7C_Gene_ID_%3D_ENSG00000128039_%7C_Gene_Source_%3D_ENSEMBL_%7C_Regulatory_Element_Symbol_%3D_FOXA1_%7C_Regulatory_Element_ID_%3D_ENST00000250448_%7C_Regulatory_Element_Source_%3D_ENSEMBL_%7C_PMID_%3D_18971253_%7C_Dataset_%3D_PAZAR||||||||false|false||false|false||false|false|false||false|false|false|false|false|false|false|false|false|false|false|false|false|false|false|false|false|false|false|false|||false|false||false||false||false|false|false||false|||false|||||||||||||||||||||||||||||||||||||||||||||||||||||||||||||||||||||||||||||false|false||]	NA	0,0|0,0	NA	CA/TT	1	0,1	0,0	0,1	0,0,0,1
chr4	124168628	AG	GC	PASS	NA	NA	[ENSG00000249837|hg38|chr4|124168628|124168629|RNA||DNP|AG|AG|GC|g.chr4:124168628_124168629AG>GC|ENST00000507299.1|-|||c.e5+19084CT>GC|||0.39552238805970147|CTCCAGCAAGAGCACAGAACTG||||||||||||||||||||||||||||||||||||||||||||||||||||||||||||||||||||||||||||false|false||false|false||false|false|false||false|false|false|false|false|false|false|false|false|false|false|false|false|false|false|false|false|false|false|false|||false|false||false||false||false|false|false||false|||false|||||||||||||||||||||||||||||||||||||||||||||||||||||||||||||||||||||||||||||false|false||]	NA	0,0|0,0	NA	AG/GC	1	0,1	0,0	0,1	0,0,1,0
