CHROM	POS	REF	ALT	FILTER	AF	GNOMAD_AF	FUNCOTATION	MQ	AS_SB_TABLE	STRANDQ	Ctrl4.GT	Ctrl4.DP	Ctrl4.AD	Ctrl4.F1R2	Ctrl4.F2R1	Ctrl4.SB
chr2	82165431	CT	TC	PASS	NA	NA	[Unknown|hg38|chr2|82165431|82165432|IGR||DNP|CT|CT|TC|g.chr2:82165431_82165432CT>TC|no_transcript|||||||0.3805970149253731|CTTCCCTCCACTCCCCTTTTTC||||||||||||||||||||||||||||||||||||||||||||||||||||||||||||||||||||||||||||false|false||false|false||false|false|false||false|false|false|false|false|false|false|false|false|false|false|false|false|false|false|false|false|false|false|false|||false|false||false||false||false|false|false||false|||false|||||||||||||||||||||||||||||||||||||||||||||||||||||||||||||||||||||||||||||false|false||]	NA	0,0|0,0	NA	CT/TC	1	0,1	0,1	0,0	0,0,1,0
chr2	93684112	T	A	PASS	NA	NA	[Unknown|hg38|chr2|93684112|93684112|IGR||SNP|T|T|A|g.chr2:93684112T>A|no_transcript|||||||0.38403990024937656|GGAAACGGGATTACATATAAA||||||||||||||||||||||||||||||||||||||||||||||||||||||||||||||||||||||||||||true|false||false|false||false|false|false||false|false|false|false|false|false|false|false|false|false|false|false|false|false|false|false|false|false|false|false|1209653449|93684112|false|false|0|false|0|false|0.99974515800203873_%2C_0.00025484199796126|false|false|false|SNV|false|0x050000000005000002000100|1|false|151|rs1209653449|||||||||||||||||||||||||||||||||||||||||||||||||||||||||||||||||||||||||||false|false||]	NA	0,0|0,0	NA	T|A	1	0,1	0,1	0,0	0,0,0,1
chr2	93684114	A	T	PASS	NA	NA	[Unknown|hg38|chr2|93684114|93684114|IGR||SNP|A|A|T|g.chr2:93684114A>T|no_transcript|||||||0.38154613466334164|AAACGGGATTACATATAAAAA||||||||||||||||||||||||||||||||||||||||||||||||||||||||||||||||||||||||||||true|false||false|false||false|false|false||false|false|false|false|false|false|false|false|false|false|false|false|false|false|false|false|false|false|false|false|1281018997|93684114|false|false|0|false|0|false|0.99914787206931702_%2C_0.00085212793068297|false|false|false|SNV|false|0x050000000005000002000100|1|false|151|rs1281018997|||||||||||||||||||||||||||||||||||||||||||||||||||||||||||||||||||||||||||false|false||]	NA	0,0|0,0	NA	A|T	1	0,1	0,1	0,0	0,0,0,1
chr2	179963530	G	A	PASS	NA	NA	[CWC22|hg38|chr2|179963530|179963530|INTRON||SNP|G|G|A|g.chr2:179963530G>A|ENST00000410053.8|-|||c.e13-1017C>T|||0.5012468827930174|TTTTAGTAGAGACGGGGTTTC|||||||||||||||||||||||||||||90|biliary_tract(2)_%7C_breast(11)_%7C_central_nervous_system(44)_%7C_large_intestine(11)_%7C_pancreas(22)||||BC093954|NM_020943.3|NP_065994.1|HGNC:29322|CWC22_%20_spliceosome_%20_associated_%20_protein_%20_homolog|Approved|gene_%20_with_%20_protein_%20_product|protein-coding_%20_gene||"CWC22_%20_spliceosome-associated_%20_protein_%20_homolog_%20_(S._%20_cerevisiae)"_%2C__%20_"CWC22_%20_spliceosome-associated_%20_protein"_%2C__%20_"CWC22_%20_homolog_%2C__%20_spliceosome-associated_%20_protein"|KIAA1604_%2C__%20_EIF4GL_%2C__%20_fSAPb_%2C__%20_NCM|"functional_%20_spliceosome-associated_%20_protein_%20_b"|2q31.3|2023-01-20||2016-08-08|||57703|ENSG00000163510|9136012_%2C__%20_23236153|NM_020943|1498_%7C_1508_%7C_1516_%7C_2128_%7C_1510|NTC_%20_associated_%20_proteins_%7C_Spliceosomal_%20_Bact_%20_complex_%7C_Spliceosomal_%20_P_%20_complex_%7C_MIF4G_%20_domain_%20_containing_%20_proteins_%7C_Spliceosomal_%20_C_%20_complex|CCDS46465|OTTHUMG00000154244|57703|615186|NM_001376029|Q9HCG8|ENSG00000163510|uc010frh.2|hg38|OREG1271680|Type_%3D_TRANSCRIPTION_%20_FACTOR_%20_BINDING_%20_SITE_%7C_Gene_Symbol_%3D_CWC22_%7C_Gene_ID_%3D_ENSG00000163510_%7C_Gene_Source_%3D_ENSEMBL_%7C_Regulatory_Element_Symbol_%3D_SMARCA4_%7C_Regulatory_Element_ID_%3D_ENST00000344626_%7C_Regulatory_Element_Source_%3D_ENSEMBL_%7C_PMID_%3D_18971253_%7C_Dataset_%3D_PAZAR|CWC22_HUMAN||Q05DC2_%7C_Q4G135_%7C_Q52LF0_%7C_Q6PEX2_%7C_Q7Z6I0_%7C_Q9H5L3_%7C_Q9H6Q6|Q9HCG8|mRNA_%20_splicing_%2C__%20_via_%20_spliceosome_%20_(GO:0000398)_%7C_regulation_%20_of_%20_mRNA_%20_splicing_%2C__%20_via_%20_spliceosome_%20_(GO:0048024)|catalytic_%20_step_%20_2_%20_spliceosome_%20_(GO:0071013)_%7C_cytoplasm_%20_(GO:0005737)_%7C_nuclear_%20_speck_%20_(GO:0016607)_%7C_nucleus_%20_(GO:0005634)_%7C_spliceosomal_%20_complex_%20_(GO:0005681)|RNA_%20_binding_%20_(GO:0003723)|false|false||false|false||false|false|false||false|false|false|false|false|false|false|false|false|false|false|false|false|false|false|false|false|false|false|false|||false|false||false||false||false|false|false||false|||false|||||||||||||||||||||||||||||||||||||||||||||||||||||||||||||||||||||||||||||false|false||]	NA	0,0|0,0	NA	G|A	1	0,1	0,1	0,0	0,0,1,0
chr2	179963532	C	T	PASS	NA	NA	[CWC22|hg38|chr2|179963532|179963532|INTRON||SNP|C|C|T|g.chr2:179963532C>T|ENST00000410053.8|-|||c.e13-1015G>A|||0.5012468827930174|TTAGTAGAGACGGGGTTTCAC|||||||||||||||||||||||||||||90|biliary_tract(2)_%7C_breast(11)_%7C_central_nervous_system(44)_%7C_large_intestine(11)_%7C_pancreas(22)||||BC093954|NM_020943.3|NP_065994.1|HGNC:29322|CWC22_%20_spliceosome_%20_associated_%20_protein_%20_homolog|Approved|gene_%20_with_%20_protein_%20_product|protein-coding_%20_gene||"CWC22_%20_spliceosome-associated_%20_protein_%20_homolog_%20_(S._%20_cerevisiae)"_%2C__%20_"CWC22_%20_spliceosome-associated_%20_protein"_%2C__%20_"CWC22_%20_homolog_%2C__%20_spliceosome-associated_%20_protein"|KIAA1604_%2C__%20_EIF4GL_%2C__%20_fSAPb_%2C__%20_NCM|"functional_%20_spliceosome-associated_%20_protein_%20_b"|2q31.3|2023-01-20||2016-08-08|||57703|ENSG00000163510|9136012_%2C__%20_23236153|NM_020943|1498_%7C_1508_%7C_1516_%7C_2128_%7C_1510|NTC_%20_associated_%20_proteins_%7C_Spliceosomal_%20_Bact_%20_complex_%7C_Spliceosomal_%20_P_%20_complex_%7C_MIF4G_%20_domain_%20_containing_%20_proteins_%7C_Spliceosomal_%20_C_%20_complex|CCDS46465|OTTHUMG00000154244|57703|615186|NM_001376029|Q9HCG8|ENSG00000163510|uc010frh.2|hg38|OREG1271680|Type_%3D_TRANSCRIPTION_%20_FACTOR_%20_BINDING_%20_SITE_%7C_Gene_Symbol_%3D_CWC22_%7C_Gene_ID_%3D_ENSG00000163510_%7C_Gene_Source_%3D_ENSEMBL_%7C_Regulatory_Element_Symbol_%3D_SMARCA4_%7C_Regulatory_Element_ID_%3D_ENST00000344626_%7C_Regulatory_Element_Source_%3D_ENSEMBL_%7C_PMID_%3D_18971253_%7C_Dataset_%3D_PAZAR|CWC22_HUMAN||Q05DC2_%7C_Q4G135_%7C_Q52LF0_%7C_Q6PEX2_%7C_Q7Z6I0_%7C_Q9H5L3_%7C_Q9H6Q6|Q9HCG8|mRNA_%20_splicing_%2C__%20_via_%20_spliceosome_%20_(GO:0000398)_%7C_regulation_%20_of_%20_mRNA_%20_splicing_%2C__%20_via_%20_spliceosome_%20_(GO:0048024)|catalytic_%20_step_%20_2_%20_spliceosome_%20_(GO:0071013)_%7C_cytoplasm_%20_(GO:0005737)_%7C_nuclear_%20_speck_%20_(GO:0016607)_%7C_nucleus_%20_(GO:0005634)_%7C_spliceosomal_%20_complex_%20_(GO:0005681)|RNA_%20_binding_%20_(GO:0003723)|true|false||false|false||false|false|false|CWC22:57703|false|false|true|false|false|false|false|false|false|false|false|false|false|false|false|false|false|false|false|false|1245421116|179963532|false|false|0|false|0|false|0.99997610856269113_%2C_0.00002389143730886|false|false|false|SNV|false|0x050000080005000002000100|1|false|151|rs1245421116|||||||||||||||||||||||||||||||||||||||||||||||||||||||||||||||||||||||||||false|false||]	NA	0,0|0,0	NA	C|T	1	0,1	0,1	0,0	0,0,1,0
chr2	192964840	GG	AA	PASS	NA	NA	[Unknown|hg38|chr2|192964840|192964841|IGR||DNP|GG|GG|AA|g.chr2:192964840_192964841GG>AA|no_transcript|||||||0.5024875621890548|TAGTAGAGACGGGGTTTCACCG||||||||||||||||||||||||||||||||||||||||||||||||||||||||||||||||||||||||||||false|false||false|false||false|false|false||false|false|false|false|false|false|false|false|false|false|false|false|false|false|false|false|false|false|false|false|||false|false||false||false||false|false|false||false|||false|||||||||||||||||||||||||||||||||||||||||||||||||||||||||||||||||||||||||||||false|false||]	NA	0,0|0,0	NA	GG/AA	1	0,1	0,0	0,1	0,0,1,0
chr20	4694249	T	C	PASS	NA	NA	[PRNP|hg38|chr20|4694249|4694249|INTRON||SNP|T|T|C|g.chr20:4694249T>C|ENST00000457586.2|+|||c.e2-4962T>C|||0.35910224438902744|ACCTGTAATCTCAGCACTTTG|PRNP_ENST00000430350.2_INTRON/PRNP_ENST00000379440.9_INTRON/PRNP_ENST00000424424.2_INTRON||||||||||||||||||||||||||||91|biliary_tract(2)_%7C_breast(11)_%7C_central_nervous_system(44)_%7C_large_intestine(11)_%7C_lung(1)_%7C_pancreas(22)||||X83416|NM_001080123.3|NP_001073592.1|HGNC:9449|prion_%20_protein|Approved|gene_%20_with_%20_protein_%20_product|protein-coding_%20_gene|PRIP_%2C__%20_GSS_%2C__%20_CJD|"prion_%20_protein_%20_(p27-30)"|CD230_%2C__%20_PRP_%2C__%20_AltPrP|"Creutzfeldt-Jakob_%20_disease"_%2C__%20_"Gerstmann-Strausler-Scheinker_%20_syndrome"_%2C__%20_"fatal_%20_familial_%20_insomnia"_%2C__%20_"p27-30"|20p13|2023-01-20||2008-07-28|M13899||5621|ENSG00000171867||NM_000311|471|CD_%20_molecules|CCDS13080|OTTHUMG00000031786|5621|176640|NM_000311|F7VJQ1_%2C__%20_P04156|ENSG00000171867|uc021wae.3||||APRIO_HUMAN|||F7VJQ1||integral_%20_component_%20_of_%20_membrane_%20_(GO:0016021)_%7C_mitochondrial_%20_outer_%20_membrane_%20_(GO:0005741)||true|false||false|false||false|false|false|PRNP:5621|false|false|true|false|false|false|false|false|false|false|false|false|false|false|false|false|false|false|false|false|996098774|4694249|false|false|0|false|0|false||false|false|false|SNV|false|0x050000080005000002000100|1|false|150|rs996098774|||||||||||||||||||||||||||||||||||||||||||||||||||||||||||||||||||||||||||false|false||]	NA	0,2|0,2	NA	T/C	4	2,2	0,1	1,0	0,2,0,2
chr20	28558943	AA	TG	PASS	NA	NA	[Unknown|hg38|chr20|28558943|28558944|IGR||DNP|AA|AA|TG|g.chr20:28558943_28558944AA>TG|no_transcript|||||||0.3681592039800995|GAGCTTCCTAAACACTGGCTTT||||||||||||||||||||||||||||||||||||||||||||||||||||||||||||||||||||||||||||false|false||false|false||false|false|false||false|false|false|false|false|false|false|false|false|false|false|false|false|false|false|false|false|false|false|false|||false|false||false||false||false|false|false||false|||false|||||||||||||||||||||||||||||||||||||||||||||||||||||||||||||||||||||||||||||false|false||]	NA	0,0|0,0	NA	AA/TG	1	0,1	0,0	0,1	0,0,1,0
chr20	58588558	GC	AT	PASS	NA	NA	[APCDD1L-DT|hg38|chr20|58588558|58588559|RNA||DNP|GC|GC|AT|g.chr20:58588558_58588559GC>AT|ENST00000427140.5|+|||c.e7-30182GC>AT|||0.4527363184079602|AATTAGCCAGGCGTGGTGGCAC|APCDD1L-DT_ENST00000701694.1_RNA||||||||||||||||||||||||||||||||||||HGNC:27152|APCDD1L_%20_divergent_%20_transcript|Approved|RNA_%2C__%20_long_%20_non-coding|non-coding_%20_RNA|APCDD1L-AS1|"APCDD1L_%20_antisense_%20_RNA_%20_1_%20_(non-protein_%20_coding)"_%2C__%20_"APCDD1L_%20_antisense_%20_RNA_%20_1"_%2C__%20_"APCDD1L_%20_antisense_%20_RNA_%20_1_%20_(head_%20_to_%20_head)"|||20q13.32|2018-03-21|2018-03-21|2018-03-21|AI077602_%2C__%20_AK054637||149773|ENSG00000231290||NR_034147|1990|Divergent_%20_transcripts||OTTHUMG00000032847|149773||NR_034147||ENSG00000231290|uc002xzg.3|||||||||||false|false||false|false||false|false|false||false|false|false|false|false|false|false|false|false|false|false|false|false|false|false|false|false|false|false|false|||false|false||false||false||false|false|false||false|||false|||||||||||||||||||||||||||||||||||||||||||||||||||||||||||||||||||||||||||||false|false||]	NA	0,0|0,0	NA	GC/AT	1	0,1	0,1	0,0	0,0,1,0
chr4	10776231	TT	GC	PASS	NA	NA	[Unknown|hg38|chr4|10776231|10776232|IGR||DNP|TT|TT|GC|g.chr4:10776231_10776232TT>GC|no_transcript|||||||0.373134328358209|CGCCCACTTTTTGATGGGGTTG||||||||||||||||||||||||||||||||||||||||||||||||||||||||||||||||||||||||||||false|false||false|false||false|false|false||false|false|false|false|false|false|false|false|false|false|false|false|false|false|false|false|false|false|false|false|||false|false||false||false||false|false|false||false|||false|||||||||||||||||||||||||||||||||||||||||||||||||||||||||||||||||||||||||||||false|false||]	NA	0,0|0,0	NA	TT/GC	1	0,1	0,1	0,0	0,0,1,0
chr4	19669951	CC	TA	PASS	NA	NA	[ENSG00000248515|hg38|chr4|19669951|19669952|RNA||DNP|CC|CC|TA|g.chr4:19669951_19669952CC>TA|ENST00000661892.1|+|||c.e2-163974CC>TA|||0.39054726368159204|AGAAAGGATACCAGAGATTGAA|ENSG00000248515_ENST00000655810.1_RNA/ENSG00000248515_ENST00000511431.1_RNA|||||||||||||||||||||||||||||||||||||||||||||||||||||||||||||||||||||||||||false|false||false|false||false|false|false||false|false|false|false|false|false|false|false|false|false|false|false|false|false|false|false|false|false|false|false|||false|false||false||false||false|false|false||false|||false|||||||||||||||||||||||||||||||||||||||||||||||||||||||||||||||||||||||||||||false|false||]	NA	0,0|0,0	NA	CC/TA	2	1,1	0,1	0,0	0,1,1,0
chr4	36456350	AC	GT	PASS	NA	NA	[Unknown|hg38|chr4|36456350|36456351|IGR||DNP|AC|AC|GT|g.chr4:36456350_36456351AC>GT|no_transcript|||||||0.40298507462686567|CTTTTACACTACTGGTGGGACT||||||||||||||||||||||||||||||||||||||||||||||||||||||||||||||||||||||||||||false|false||false|false||false|false|false||false|false|false|false|false|false|false|false|false|false|false|false|false|false|false|false|false|false|false|false|||false|false||false||false||false|false|false||false|||false|||||||||||||||||||||||||||||||||||||||||||||||||||||||||||||||||||||||||||||false|false||]	NA	0,0|0,0	NA	AC/GT	1	0,1	0,1	0,0	0,0,1,0
chr4	53285796	CA	TC	PASS	NA	NA	[SCFD2|hg38|chr4|53285796|53285797|INTRON||DNP|CA|CA|TC|g.chr4:53285796_53285797CA>TC|ENST00000401642.8|-|||c.e4+11795TG>GA|||0.5099502487562189|GCAGCCCCCACAACCACTGCAG|SCFD2_ENST00000388940.8_INTRON||||||||||||||||||||||||||||92|biliary_tract(2)_%7C_breast(11)_%7C_central_nervous_system(44)_%7C_large_intestine(11)_%7C_liver(2)_%7C_pancreas(22)||||BC032453|NM_152540.4|NP_689753.2|HGNC:30676|sec1_%20_family_%20_domain_%20_containing_%20_2|Approved|gene_%20_with_%20_protein_%20_product|protein-coding_%20_gene|||STXBP1L1_%2C__%20_FLJ39514||4q12|2023-01-20|||AY299407||152579|ENSG00000184178|32213542|NM_152540|||CCDS33984|OTTHUMG00000160588|152579||NM_152540|Q8WU76|ENSG00000184178|uc003gzu.4||||SCFD2_HUMAN||Q8N5F3_%7C_Q8N8H0_%7C_Q96ED3|Q8WU76|protein_%20_transport_%20_(GO:0015031)_%7C_vesicle_%20_docking_%20_involved_%20_in_%20_exocytosis_%20_(GO:0006904)|||true|false||false|false||false|false|false|SCFD2:152579|false|false|true|false|false|false|false|false|false|false|false|false|false|false|false|false|false|false|false|false|375347199|53285796|false|false|0|false|0|false||false|false|false|MNV|false|0x050000080005000002000800|1|false|138|rs375347199|||||||||||||||||||||||||||||||||||||||||||||||||||||||||||||||||||||||||||false|false||]	NA	0,0|0,0	NA	CA/TC	1	0,1	0,1	0,0	0,0,1,0
chr4	54047415	G	A	PASS	4.923e-05	NA	[ENSG00000282278|hg38|chr4|54047415|54047415|INTRON||SNP|G|G|A|g.chr4:54047415G>A|ENST00000507166.5|+|||c.e13-227510G>A|||0.40648379052369077|TCCAACAATGGTAGACTGGAT|CHIC2_ENST00000263921.8_INTRON/CHIC2_ENST00000512964.5_INTRON|||||||||||||||||||||||||||||||||AC138779||||||||||||||||||||||||||||||||||||||||||true|false||false|false||false|false|false|CHIC2:26511|false|false|true|false|false|false|false|false|false|false|false|false|false|false|false|false|false|false|false|false|372031292|54047415|false|false|0|false|0|false|0.99999203618756371_%2C_0.00000796381243628|false|false|false|SNV|false|0x050000080005000002000100|1|false|138|rs372031292||||||||||||||||||||||||||||||||||||||||||3.20472e-05|0.00000e+00|0.00000e+00|0.00000e+00|0.00000e+00|0.00000e+00|0.00000e+00|0.00000e+00|0.00000e+00|0.00000e+00|0.00000e+00|0.00000e+00|0.00000e+00|7.22230e-05|0.00000e+00|0.00000e+00|0.00000e+00|0.00000e+00|6.52912e-05|0.00000e+00|1.47842e-04|0.00000e+00|1.17454e-04|0.00000e+00|0.00000e+00|0.00000e+00|0.00000e+00|0.00000e+00|6.52912e-05|3.18309e-05||4|54913582|false|false|rs372031292|]	NA	0,0|0,0	NA	G/A	1	0,1	0,1	0,0	0,0,1,0
chr4	106187119	CG	TA	PASS	NA	NA	[TBCK|hg38|chr4|106187119|106187120|INTRON||DNP|CG|CG|TA|g.chr4:106187119_106187120CG>TA|ENST00000394708.7|-|||c.e22-6490CG>TA|||0.3681592039800995|GTACCAGTACCGTGCTGTTTTG|TBCK_ENST00000273980.10_INTRON/TBCK_ENST00000394706.7_INTRON/TBCK_ENST00000361687.8_INTRON||||||||||||||||||||||||||||804|biliary_tract(2)_%7C_breast(161)_%7C_central_nervous_system(60)_%7C_haematopoietic_and_lymphoid_tissue(268)_%7C_kidney(46)_%7C_large_intestine(73)_%7C_lung(53)_%7C_ovary(52)_%7C_pancreas(22)_%7C_stomach(54)_%7C_testis(13)||||CH471057|NM_001163435.3|NP_001156907.2|HGNC:28261|TBC1_%20_domain_%20_containing_%20_kinase|Approved|gene_%20_with_%20_protein_%20_product|protein-coding_%20_gene|||MGC16169_%2C__%20_HSPC302||4q24|2023-01-20|||||93627|ENSG00000145348|12471243|NM_033115|2246|FERRY_%20_complex_%20_subunits|CCDS54789_%2C__%20_CCDS3673_%2C__%20_CCDS54788|OTTHUMG00000131214|93627|616899|NM_001163435|Q8TEA7|ENSG00000145348|uc062yuq.1|||||||||||false|false||false|false||false|false|false||false|false|false|false|false|false|false|false|false|false|false|false|false|false|false|false|false|false|false|false|||false|false||false||false||false|false|false||false|||false|||||||||||||||||||||||||||||||||||||||||||||||||||||||||||||||||||||||||||||false|false||]	NA	0,0|0,0	NA	CG/TA	1	0,1	0,1	0,0	0,0,1,0
chr4	126220511	CC	AT	PASS	NA	NA	[Unknown|hg38|chr4|126220511|126220512|IGR||DNP|CC|CC|AT|g.chr4:126220511_126220512CC>AT|no_transcript|||||||0.4054726368159204|ACCATGGAATCCTATGCAGCCA||||||||||||||||||||||||||||||||||||||||||||||||||||||||||||||||||||||||||||false|false||false|false||false|false|false||false|false|false|false|false|false|false|false|false|false|false|false|false|false|false|false|false|false|false|false|||false|false||false||false||false|false|false||false|||false|||||||||||||||||||||||||||||||||||||||||||||||||||||||||||||||||||||||||||||false|false||]	NA	0,0|0,0	NA	CC/AT	1	0,1	0,0	0,1	0,0,0,1
chr4	181630518	CA	TG	PASS	NA	NA	[Unknown|hg38|chr4|181630518|181630519|IGR||DNP|CA|CA|TG|g.chr4:181630518_181630519CA>TG|no_transcript|||||||0.3781094527363184|AAATGTGTCCCAGAGATTCTGG||||||||||||||||||||||||||||||||||||||||||||||||||||||||||||||||||||||||||||false|false||false|false||false|false|false||false|false|false|false|false|false|false|false|false|false|false|false|false|false|false|false|false|false|false|false|||false|false||false||false||false|false|false||false|||false|||||||||||||||||||||||||||||||||||||||||||||||||||||||||||||||||||||||||||||false|false||]	NA	0,0|0,0	NA	CA/TG	1	0,1	0,0	0,1	0,0,0,1
chr4	189319646	GG	AA	PASS	NA	NA	[Unknown|hg38|chr4|189319646|189319647|IGR||DNP|GG|GG|AA|g.chr4:189319646_189319647GG>AA|no_transcript|||||||0.32338308457711445|TTATTGAAGAGGCTGTTCTTTC||||||||||||||||||||||||||||||||||||||||||||||||||||||||||||||||||||||||||||false|false||false|false||false|false|false||false|false|false|false|false|false|false|false|false|false|false|false|false|false|false|false|false|false|false|false|||false|false||false||false||false|false|false||false|||false|||||||||||||||||||||||||||||||||||||||||||||||||||||||||||||||||||||||||||||false|false||]	NA	0,0|0,0	NA	GG/AA	1	0,1	0,1	0,0	0,0,0,1
