sample	variant	CHROM	gene	region	mutation_type	POS	ID	REF	ALT	QUAL	FILTER	AS_FilterStatus	AS_SB_TABLE	AS_UNIQ_ALT_READ_COUNT	CONTQ	DP	ECNT	FUNCOTATION	GERMQ	MBQ	MFRL	MMQ	MPOS	NALOD	NCount	NLOD	OCM	PON	POPAF	ROQ	RPA	RU	SEQQ	STR	STRANDQ	STRQ	TLOD	sample.GT	sample.AD	sample.AF	sample.DP	sample.F1R2	sample.F2R1	sample.FAD	sample.GQ	sample.PGT	sample.PID	sample.PL	sample.PS	sample.SB
CJD11	NA	chr2	TTN	NA	SILENT	178740453	.	C	T	-10.0	PASS	SITE	1197,1200|1244,1235	NA	NA	5024	1	[TTN|hg38|chr2|178740453|178740453|SILENT||SNP|C|C|T|g.chr2:178740453C>T|ENST00000589042.5|-|48|13005|c.12780G>A|c.(12778-12780)gcG>gcA|p.A4260A|0.4339152119700748|TCAAGATGAGCGCACTTTGTG|TTN_ENST00000342992.11_INTRON/TTN_ENST00000591111.5_SILENT_p.A3943A/TTN_ENST00000460472.6_SILENT_p.A3897A/TTN_ENST00000342175.11_SILENT_p.A4089A/TTN_ENST00000359218.10_SILENT_p.A4022A/TTN-AS1_ENST00000659121.1_RNA/TTN-AS1_ENST00000657023.1_RNA/TTN-AS1_ENST00000590773.6_RNA/TTN-AS1_ENST00000582847.6_RNA|||||||||||||||||||||||||p.A4260V(1)|||3382|biliary_tract(2)_%7C_breast(245)_%7C_central_nervous_system(63)_%7C_haematopoietic_and_lymphoid_tissue(158)_%7C_kidney(299)_%7C_large_intestine(1455)_%7C_liver(19)_%7C_lung(289)_%7C_oesophagus(103)_%7C_ovary(123)_%7C_pancreas(131)_%7C_salivary_gland(14)_%7C_skin(27)_%7C_stomach(158)_%7C_testis(13)_%7C_upper_aerodigestive_tract(283)||||KF459616|NM_001267550.2|NP_001254479.2|HGNC:12403|titin|Approved|gene_%20_with_%20_protein_%20_product|protein-coding_%20_gene|CMD1G|""cardiomyopathy_%2C__%20_dilated_%20_1G_%20_(autosomal_%20_dominant)""|CMPD4_%2C__%20_FLJ32040_%2C__%20_TMD_%2C__%20_CMH9_%2C__%20_LGMD2J_%2C__%20_MYLK5||2q31.2|2023-03-15||2004-02-13|X90568||7273|ENSG00000155657|2129545_%2C__%20_10051295|NM_133378|1668_%7C_593_%7C_555|Myosin_%20_light_%20_chain_%20_kinase_%20_family_%7C_I-set_%20_domain_%20_containing_%7C_Fibronectin_%20_type_%20_III_%20_domain_%20_containing|CCDS59435_%2C__%20_CCDS54422_%2C__%20_CCDS54423_%2C__%20_CCDS54424_%2C__%20_CCDS33337_%2C__%20_CCDS54421|OTTHUMG00000154448|7273|188840|NM_001256850|Q8WZ42|ENSG00000155657|uc031rqc.3||||TITIN_HUMAN||A6NKB1_%7C_E7EQE6_%7C_E7ET18_%7C_K7ENY1_%7C_Q10465_%7C_Q10466_%7C_Q15598_%7C_Q2XUS3_%7C_Q32Q60_%7C_Q4U1Z6_%7C_Q4ZG20_%7C_Q6NSG0_%7C_Q6PDB1_%7C_Q6PJP0_%7C_Q7KYM2_%7C_Q7KYN4_%7C_Q7KYN5_%7C_Q7LDM3_%7C_Q7Z2X3_%7C_Q8TCG8_%7C_Q8WZ42_%7C_Q8WZ51_%7C_Q8WZ52_%7C_Q8WZ53_%7C_Q8WZB3_%7C_Q92761_%7C_Q92762_%7C_Q9UD97_%7C_Q9UP84_%7C_Q9Y6L9|Q8WZ42|adult_%20_heart_%20_development_%20_(GO:0007512)_%7C_blood_%20_coagulation_%20_(GO:0007596)_%7C_cardiac_%20_muscle_%20_contraction_%20_(GO:0060048)_%7C_cardiac_%20_muscle_%20_fiber_%20_development_%20_(GO:0048739)_%7C_cardiac_%20_muscle_%20_hypertrophy_%20_(GO:0003300)_%7C_cardiac_%20_muscle_%20_tissue_%20_morphogenesis_%20_(GO:0055008)_%7C_cardiac_%20_myofibril_%20_assembly_%20_(GO:0055003)_%7C_detection_%20_of_%20_muscle_%20_stretch_%20_(GO:0035995)_%7C_forward_%20_locomotion_%20_(GO:0043056)_%7C_in_%20_utero_%20_embryonic_%20_development_%20_(GO:0001701)_%7C_mitotic_%20_chromosome_%20_condensation_%20_(GO:0007076)_%7C_muscle_%20_contraction_%20_(GO:0006936)_%7C_muscle_%20_filament_%20_sliding_%20_(GO:0030049)_%7C_platelet_%20_activation_%20_(GO:0030168)_%7C_platelet_%20_degranulation_%20_(GO:0002576)_%7C_regulation_%20_of_%20_catalytic_%20_activity_%20_(GO:0050790)_%7C_regulation_%20_of_%20_protein_%20_kinase_%20_activity_%20_(GO:0045859)_%7C_regulation_%20_of_%20_relaxation_%20_of_%20_cardiac_%20_muscle_%20_(GO:1901897)_%7C_response_%20_to_%20_calcium_%20_ion_%20_(GO:0051592)_%7C_sarcomere_%20_organization_%20_(GO:0045214)_%7C_sarcomerogenesis_%20_(GO:0048769)_%7C_skeletal_%20_muscle_%20_myosin_%20_thick_%20_filament_%20_assembly_%20_(GO:0030241)_%7C_skeletal_%20_muscle_%20_thin_%20_filament_%20_assembly_%20_(GO:0030240)_%7C_somitogenesis_%20_(GO:0001756)_%7C_striated_%20_muscle_%20_contraction_%20_(GO:0006941)|condensed_%20_nuclear_%20_chromosome_%20_(GO:0000794)_%7C_cytoplasm_%20_(GO:0005737)_%7C_cytosol_%20_(GO:0005829)_%7C_extracellular_%20_region_%20_(GO:0005576)_%7C_extracellular_%20_vesicular_%20_exosome_%20_(GO:0070062)_%7C_Golgi_%20_apparatus_%20_(GO:0005794)_%7C_I_%20_band_%20_(GO:0031674)_%7C_M_%20_band_%20_(GO:0031430)_%7C_nucleus_%20_(GO:0005634)_%7C_striated_%20_muscle_%20_thin_%20_filament_%20_(GO:0005865)_%7C_Z_%20_disc_%20_(GO:0030018)|actin_%20_filament_%20_binding_%20_(GO:0051015)_%7C_actinin_%20_binding_%20_(GO:0042805)_%7C_ATP_%20_binding_%20_(GO:0005524)_%7C_calcium_%20_ion_%20_binding_%20_(GO:0005509)_%7C_calmodulin_%20_binding_%20_(GO:0005516)_%7C_enzyme_%20_binding_%20_(GO:0019899)_%7C_identical_%20_protein_%20_binding_%20_(GO:0042802)_%7C_muscle_%20_alpha-actinin_%20_binding_%20_(GO:0051371)_%7C_protease_%20_binding_%20_(GO:0002020)_%7C_protein_%20_kinase_%20_binding_%20_(GO:0019901)_%7C_protein_%20_self-association_%20_(GO:0043621)_%7C_protein_%20_serine/threonine_%20_kinase_%20_activity_%20_(GO:0004674)_%7C_structural_%20_constituent_%20_of_%20_muscle_%20_(GO:0008307)_%7C_structural_%20_molecule_%20_activity_%20_conferring_%20_elasticity_%20_(GO:0097493)_%7C_telethonin_%20_binding_%20_(GO:0031433)|true|false||false|false||false|true|false|TTN:7273|true|true|true|true|true|false|false|false|false|false|false|false|false|false|false|true|true|false|false|true|746578|178740453|true|false|0|true|0|true|0.73522712793068297_%2C_0.07903287461773700_%2C_0.18573999745158002|false|false|false|SNV|true|0x05012808030515053e000100|1|false|86|rs746578||1.63736e-01|1.60310e-01|1.56774e-01|1.65640e-01|1.41851e-01|1.42886e-01|1.40383e-01|1.13927e-01|1.11385e-01|1.16324e-01|4.62113e-01|4.57946e-01|4.62687e-01|4.38516e-01|4.66401e-01|4.68335e-01|1.62366e-01|9.45505e-02|9.55997e-02|9.35881e-02|1.64891e-01|1.30085e-01|1.35988e-01|1.28099e-01|1.27510e-01|1.32113e-01|1.29264e-01|1.33788e-01|1.51574e-01|1.17027e-01|1.51949e-01|1.55330e-01|1.48889e-01|4.62113e-01|1.63386e-01|2.06882e-01|2.22104e-01|2.01903e-01|rs746578||1.50006e-01|1.58621e-01|1.56932e-01|1.59849e-01|1.55660e-01|1.59420e-01|1.52074e-01|8.96552e-02|1.12500e-01|8.09524e-02|4.59948e-01|4.38202e-01|4.71400e-01|1.45263e-01|8.46287e-02|8.56833e-02|8.34356e-02|1.53780e-01|1.30841e-01|1.24782e-01|1.32872e-01|1.29238e-01|1.33473e-01|1.32270e-01|1.50943e-01|1.31919e-01|1.30357e-01|1.33588e-01|4.59948e-01|1.50146e-01||2|179605180|false|false|rs746578|]	1	17,20	227,227	60,60	36	NA	NA	NA	NA	NA	0.836	93	NA	NA	NA	NA	NA	NA	5108.64	C/T	2397,2479	0.527	4876	349,662	384,670	1857,1892	NA	NA	NA	NA	NA	1197,1200,1244,1235
CJD13	NA	chr20	PRNP	intron	INTRON	4695614	.	G	T	-10.0	PASS	SITE	1350,1281|1282,1308	NA	NA	5373	1	[PRNP|hg38|chr20|4695614|4695614|INTRON||SNP|G|G|T|g.chr20:4695614G>T|ENST00000457586.2|+|||c.e2-3597G>T|||0.3765586034912718|ATTCCTTTGGGTATATACCTA|PRNP_ENST00000430350.2_INTRON/PRNP_ENST00000379440.9_INTRON/PRNP_ENST00000424424.2_INTRON||||||||||||||||||||||||||||91|biliary_tract(2)_%7C_breast(11)_%7C_central_nervous_system(44)_%7C_large_intestine(11)_%7C_lung(1)_%7C_pancreas(22)||||X83416|NM_001080123.3|NP_001073592.1|HGNC:9449|prion_%20_protein|Approved|gene_%20_with_%20_protein_%20_product|protein-coding_%20_gene|PRIP_%2C__%20_GSS_%2C__%20_CJD|""prion_%20_protein_%20_(p27-30)""|CD230_%2C__%20_PRP_%2C__%20_AltPrP|""Creutzfeldt-Jakob_%20_disease""_%2C__%20_""Gerstmann-Strausler-Scheinker_%20_syndrome""_%2C__%20_""fatal_%20_familial_%20_insomnia""_%2C__%20_""p27-30""|20p13|2023-01-20||2008-07-28|M13899||5621|ENSG00000171867||NM_000311|471|CD_%20_molecules|CCDS13080|OTTHUMG00000031786|5621|176640|NM_000311|F7VJQ1_%2C__%20_P04156|ENSG00000171867|uc021wae.3||||APRIO_HUMAN|||F7VJQ1||integral_%20_component_%20_of_%20_membrane_%20_(GO:0016021)_%7C_mitochondrial_%20_outer_%20_membrane_%20_(GO:0005741)||true|false||false|false||false|false|false|PRNP:5621|false|false|true|false|false|false|false|false|false|false|false|false|false|false|false|false|false|false|false|false|1318044511|4695614|false|false|0|false|0|false|0.99998407237512742_%2C_0.00000796381243628_%2C_0.00000796381243628|false|false|false|SNV|false|0x050000080005000002000100|1|false|151|rs1318044511|||||||||||||||||||||||||||||||||||||||||||||||||||||||||||||||||||||||||||false|false||]	1	20,21	262,255	60,60	36	NA	NA	NA	NA	NA	5.6	93	NA	NA	NA	NA	NA	NA	5525.94	G/T	2631,2590	0.493	5221	831,955	807,993	2185,2127	NA	NA	NA	NA	NA	1350,1281,1282,1308
CJD18	NA	chr2	TTN	NA	MISSENSE	178741811	.	G	A	-10.0	PASS	SITE	3,2|4,0	NA	NA	12	1	[TTN|hg38|chr2|178741811|178741811|MISSENSE||SNP|G|G|A|g.chr2:178741811G>A|ENST00000589042.5|-|48|11647|c.11422C>T|c.(11422-11424)Cca>Tca|p.P3808S|0.3566084788029925|AATTTAGTTGGGTAAACTGGA|TTN_ENST00000342992.11_INTRON/TTN_ENST00000591111.5_MISSENSE_p.P3491S/TTN_ENST00000460472.6_MISSENSE_p.P3445S/TTN_ENST00000342175.11_MISSENSE_p.P3637S/TTN_ENST00000359218.10_MISSENSE_p.P3570S/TTN-AS1_ENST00000659121.1_RNA/TTN-AS1_ENST00000657023.1_RNA/TTN-AS1_ENST00000590773.6_RNA/TTN-AS1_ENST00000582847.6_RNA||||||||||||||||||||||||||||3382|biliary_tract(2)_%7C_breast(245)_%7C_central_nervous_system(63)_%7C_haematopoietic_and_lymphoid_tissue(158)_%7C_kidney(299)_%7C_large_intestine(1455)_%7C_liver(19)_%7C_lung(289)_%7C_oesophagus(103)_%7C_ovary(123)_%7C_pancreas(131)_%7C_salivary_gland(14)_%7C_skin(27)_%7C_stomach(158)_%7C_testis(13)_%7C_upper_aerodigestive_tract(283)||||KF459616|NM_001267550.2|NP_001254479.2|HGNC:12403|titin|Approved|gene_%20_with_%20_protein_%20_product|protein-coding_%20_gene|CMD1G|""cardiomyopathy_%2C__%20_dilated_%20_1G_%20_(autosomal_%20_dominant)""|CMPD4_%2C__%20_FLJ32040_%2C__%20_TMD_%2C__%20_CMH9_%2C__%20_LGMD2J_%2C__%20_MYLK5||2q31.2|2023-03-15||2004-02-13|X90568||7273|ENSG00000155657|2129545_%2C__%20_10051295|NM_133378|1668_%7C_593_%7C_555|Myosin_%20_light_%20_chain_%20_kinase_%20_family_%7C_I-set_%20_domain_%20_containing_%7C_Fibronectin_%20_type_%20_III_%20_domain_%20_containing|CCDS59435_%2C__%20_CCDS54422_%2C__%20_CCDS54423_%2C__%20_CCDS54424_%2C__%20_CCDS33337_%2C__%20_CCDS54421|OTTHUMG00000154448|7273|188840|NM_001256850|Q8WZ42|ENSG00000155657|uc031rqc.3||||TITIN_HUMAN||A6NKB1_%7C_E7EQE6_%7C_E7ET18_%7C_K7ENY1_%7C_Q10465_%7C_Q10466_%7C_Q15598_%7C_Q2XUS3_%7C_Q32Q60_%7C_Q4U1Z6_%7C_Q4ZG20_%7C_Q6NSG0_%7C_Q6PDB1_%7C_Q6PJP0_%7C_Q7KYM2_%7C_Q7KYN4_%7C_Q7KYN5_%7C_Q7LDM3_%7C_Q7Z2X3_%7C_Q8TCG8_%7C_Q8WZ42_%7C_Q8WZ51_%7C_Q8WZ52_%7C_Q8WZ53_%7C_Q8WZB3_%7C_Q92761_%7C_Q92762_%7C_Q9UD97_%7C_Q9UP84_%7C_Q9Y6L9|Q8WZ42|adult_%20_heart_%20_development_%20_(GO:0007512)_%7C_blood_%20_coagulation_%20_(GO:0007596)_%7C_cardiac_%20_muscle_%20_contraction_%20_(GO:0060048)_%7C_cardiac_%20_muscle_%20_fiber_%20_development_%20_(GO:0048739)_%7C_cardiac_%20_muscle_%20_hypertrophy_%20_(GO:0003300)_%7C_cardiac_%20_muscle_%20_tissue_%20_morphogenesis_%20_(GO:0055008)_%7C_cardiac_%20_myofibril_%20_assembly_%20_(GO:0055003)_%7C_detection_%20_of_%20_muscle_%20_stretch_%20_(GO:0035995)_%7C_forward_%20_locomotion_%20_(GO:0043056)_%7C_in_%20_utero_%20_embryonic_%20_development_%20_(GO:0001701)_%7C_mitotic_%20_chromosome_%20_condensation_%20_(GO:0007076)_%7C_muscle_%20_contraction_%20_(GO:0006936)_%7C_muscle_%20_filament_%20_sliding_%20_(GO:0030049)_%7C_platelet_%20_activation_%20_(GO:0030168)_%7C_platelet_%20_degranulation_%20_(GO:0002576)_%7C_regulation_%20_of_%20_catalytic_%20_activity_%20_(GO:0050790)_%7C_regulation_%20_of_%20_protein_%20_kinase_%20_activity_%20_(GO:0045859)_%7C_regulation_%20_of_%20_relaxation_%20_of_%20_cardiac_%20_muscle_%20_(GO:1901897)_%7C_response_%20_to_%20_calcium_%20_ion_%20_(GO:0051592)_%7C_sarcomere_%20_organization_%20_(GO:0045214)_%7C_sarcomerogenesis_%20_(GO:0048769)_%7C_skeletal_%20_muscle_%20_myosin_%20_thick_%20_filament_%20_assembly_%20_(GO:0030241)_%7C_skeletal_%20_muscle_%20_thin_%20_filament_%20_assembly_%20_(GO:0030240)_%7C_somitogenesis_%20_(GO:0001756)_%7C_striated_%20_muscle_%20_contraction_%20_(GO:0006941)|condensed_%20_nuclear_%20_chromosome_%20_(GO:0000794)_%7C_cytoplasm_%20_(GO:0005737)_%7C_cytosol_%20_(GO:0005829)_%7C_extracellular_%20_region_%20_(GO:0005576)_%7C_extracellular_%20_vesicular_%20_exosome_%20_(GO:0070062)_%7C_Golgi_%20_apparatus_%20_(GO:0005794)_%7C_I_%20_band_%20_(GO:0031674)_%7C_M_%20_band_%20_(GO:0031430)_%7C_nucleus_%20_(GO:0005634)_%7C_striated_%20_muscle_%20_thin_%20_filament_%20_(GO:0005865)_%7C_Z_%20_disc_%20_(GO:0030018)|actin_%20_filament_%20_binding_%20_(GO:0051015)_%7C_actinin_%20_binding_%20_(GO:0042805)_%7C_ATP_%20_binding_%20_(GO:0005524)_%7C_calcium_%20_ion_%20_binding_%20_(GO:0005509)_%7C_calmodulin_%20_binding_%20_(GO:0005516)_%7C_enzyme_%20_binding_%20_(GO:0019899)_%7C_identical_%20_protein_%20_binding_%20_(GO:0042802)_%7C_muscle_%20_alpha-actinin_%20_binding_%20_(GO:0051371)_%7C_protease_%20_binding_%20_(GO:0002020)_%7C_protein_%20_kinase_%20_binding_%20_(GO:0019901)_%7C_protein_%20_self-association_%20_(GO:0043621)_%7C_protein_%20_serine/threonine_%20_kinase_%20_activity_%20_(GO:0004674)_%7C_structural_%20_constituent_%20_of_%20_muscle_%20_(GO:0008307)_%7C_structural_%20_molecule_%20_activity_%20_conferring_%20_elasticity_%20_(GO:0097493)_%7C_telethonin_%20_binding_%20_(GO:0031433)|true|false|0.7268_%2C_0.2732|false|false|1|false|true|false|TTN:7273|true|true|true|true|true|false|false|false|false|false|false|true|false|false|false|true|true|false|false|true|2627037|178741811|false|true|0|true|0|false|0.78422846585117227_%2C_0.21577153414882772|false|false|false|SNV|true|0x050328080a0515053e000100|1|false|100|rs2627037||1.81974e-01|4.22525e-01|4.24180e-01|4.20039e-01|4.46525e-01|4.53905e-01|4.36034e-01|1.04117e-01|1.05718e-01|1.02604e-01|2.33477e-01|2.38611e-01|1.74242e-01|2.55096e-01|2.28183e-01|2.28386e-01|2.00565e-01|1.09285e-01|1.10601e-01|1.08077e-01|1.66295e-01|7.42035e-02|6.67421e-02|6.72269e-02|7.47492e-02|7.37737e-02|7.66635e-02|6.98542e-02|6.20845e-02|8.15030e-02|1.45010e-01|1.50283e-01|1.40267e-01|4.46525e-01|1.81601e-01|2.12873e-01|2.31108e-01|2.06921e-01|rs2627037||1.89740e-01|4.18280e-01|4.19891e-01|4.17099e-01|3.87173e-01|3.90244e-01|3.84259e-01|1.06897e-01|1.12500e-01|1.04762e-01|2.16969e-01|2.26592e-01|2.11881e-01|1.84017e-01|1.12486e-01|1.11593e-01|1.13497e-01|1.94304e-01|7.15770e-02|7.14908e-02|6.68630e-02|7.52963e-02|7.25618e-02|6.85446e-02|5.66038e-02|1.16451e-01|1.16071e-01|1.16858e-01|4.18280e-01|1.89680e-01||2|179606538|false|false|rs2627037|]	1	19,20	185,182	60,60	5	NA	NA	NA	NA	NA	0.757	25	NA	NA	NA	NA	NA	NA	5.99	G/A	5,4	0.462	9	1,2	0,1	5,4	NA	NA	NA	NA	NA	3,2,4,0
CJD2	NA	chr20	PRNP	intron	INTRON	4691920	.	G	A	-10.0	PASS	SITE	2327,2353|10,16	NA	NA	4853	1	[PRNP|hg38|chr20|4691920|4691920|INTRON||SNP|G|G|A|g.chr20:4691920G>A|ENST00000457586.2|+|||c.e1+5184G>A|||0.3516209476309227|TGAGAAGAATGTGTATTCTGC|PRNP_ENST00000430350.2_INTRON/PRNP_ENST00000379440.9_INTRON/PRNP_ENST00000424424.2_INTRON||||||||||||||||||||||||||||91|biliary_tract(2)_%7C_breast(11)_%7C_central_nervous_system(44)_%7C_large_intestine(11)_%7C_lung(1)_%7C_pancreas(22)||||X83416|NM_001080123.3|NP_001073592.1|HGNC:9449|prion_%20_protein|Approved|gene_%20_with_%20_protein_%20_product|protein-coding_%20_gene|PRIP_%2C__%20_GSS_%2C__%20_CJD|""prion_%20_protein_%20_(p27-30)""|CD230_%2C__%20_PRP_%2C__%20_AltPrP|""Creutzfeldt-Jakob_%20_disease""_%2C__%20_""Gerstmann-Strausler-Scheinker_%20_syndrome""_%2C__%20_""fatal_%20_familial_%20_insomnia""_%2C__%20_""p27-30""|20p13|2023-01-20||2008-07-28|M13899||5621|ENSG00000171867||NM_000311|471|CD_%20_molecules|CCDS13080|OTTHUMG00000031786|5621|176640|NM_000311|F7VJQ1_%2C__%20_P04156|ENSG00000171867|uc021wae.3|hg38|OREG1597665|Type_%3D_TRANSCRIPTION_%20_FACTOR_%20_BINDING_%20_SITE_%7C_Gene_Symbol_%3D_PRNP_%7C_Gene_ID_%3D_ENSG00000171867_%7C_Gene_Source_%3D_ENSEMBL_%7C_Regulatory_Element_Symbol_%3D_FOXA1_%7C_Regulatory_Element_ID_%3D_ENST00000250448_%7C_Regulatory_Element_Source_%3D_ENSEMBL_%7C_PMID_%3D_18971253_%7C_Dataset_%3D_PAZAR|APRIO_HUMAN|||F7VJQ1||integral_%20_component_%20_of_%20_membrane_%20_(GO:0016021)_%7C_mitochondrial_%20_outer_%20_membrane_%20_(GO:0005741)||false|false||false|false||false|false|false||false|false|false|false|false|false|false|false|false|false|false|false|false|false|false|false|false|false|false|false|||false|false||false||false||false|false|false||false|||false|||||||||||||||||||||||||||||||||||||||||||||||||||||||||||||||||||||||||||||false|false||]	93	20,20	257,57	60,60	32	NA	NA	NA	NA	NA	5.6	13	NA	NA	NA	NA	NA	NA	17.15	G/A	4680,26	0.003741	4706	1463,8	1640,3	3823,17	NA	NA	NA	NA	NA	2327,2353,10,16
CJD21	NA	chr20	PRNP	intron	INTRON	4694655	.	C	G	-10.0	PASS	SITE	76,44|73,52	NA	NA	261	1	[PRNP|hg38|chr20|4694655|4694655|INTRON||SNP|C|C|G|g.chr20:4694655C>G|ENST00000457586.2|+|||c.e2-4556C>G|||0.2718204488778055|CGATTTTCATCTCTATTATTA|PRNP_ENST00000430350.2_INTRON/PRNP_ENST00000379440.9_INTRON/PRNP_ENST00000424424.2_INTRON||||||||||||||||||||||||||||91|biliary_tract(2)_%7C_breast(11)_%7C_central_nervous_system(44)_%7C_large_intestine(11)_%7C_lung(1)_%7C_pancreas(22)||||X83416|NM_001080123.3|NP_001073592.1|HGNC:9449|prion_%20_protein|Approved|gene_%20_with_%20_protein_%20_product|protein-coding_%20_gene|PRIP_%2C__%20_GSS_%2C__%20_CJD|""prion_%20_protein_%20_(p27-30)""|CD230_%2C__%20_PRP_%2C__%20_AltPrP|""Creutzfeldt-Jakob_%20_disease""_%2C__%20_""Gerstmann-Strausler-Scheinker_%20_syndrome""_%2C__%20_""fatal_%20_familial_%20_insomnia""_%2C__%20_""p27-30""|20p13|2023-01-20||2008-07-28|M13899||5621|ENSG00000171867||NM_000311|471|CD_%20_molecules|CCDS13080|OTTHUMG00000031786|5621|176640|NM_000311|F7VJQ1_%2C__%20_P04156|ENSG00000171867|uc021wae.3||||APRIO_HUMAN|||F7VJQ1||integral_%20_component_%20_of_%20_membrane_%20_(GO:0016021)_%7C_mitochondrial_%20_outer_%20_membrane_%20_(GO:0005741)||true|false|0.9956_%2C_0.004393|false|false|1|false|false|false|PRNP:5621|false|false|true|true|true|false|false|false|false|false|false|false|false|false|false|false|false|false|false|false|143783853|4694655|false|false|0|true|0|false|0.98869138634046890_%2C_0.01130861365953109|false|false|false|SNV|true|0x050100080005040036000100|1|false|134|rs143783853||||||||||||||||||||||||||||||||||||||||||9.77815e-03|1.83950e-03|1.90736e-03|1.78998e-03|8.39329e-03|4.95050e-03|1.16279e-02|2.41379e-02|1.25000e-02|2.85714e-02|0.00000e+00|0.00000e+00|0.00000e+00|9.18692e-03|7.39208e-03|6.65188e-03|8.23828e-03|1.02487e-02|1.55029e-02|1.66667e-02|1.41718e-02|1.65540e-02|1.48364e-02|1.50517e-02|2.83019e-02|1.11317e-02|1.62455e-02|5.72519e-03|1.55029e-02|9.77209e-03||20|4675301|false|false|rs143783853|]	1	22,22	247,234	60,60	22	NA	NA	NA	NA	NA	2	93	NA	NA	NA	NA	NA	NA	271.14	C/G	120,125	0.509	245	65,65	41,45	108,112	NA	NA	NA	NA	NA	76,44,73,52
CJD22	NA	chr20	PRNP	intron	INTRON	4694249	.	T	C	-10.0	PASS	SITE	222,228|7,8	NA	NA	489	2	[PRNP|hg38|chr20|4694249|4694249|INTRON||SNP|T|T|C|g.chr20:4694249T>C|ENST00000457586.2|+|||c.e2-4962T>C|||0.35910224438902744|ACCTGTAATCTCAGCACTTTG|PRNP_ENST00000430350.2_INTRON/PRNP_ENST00000379440.9_INTRON/PRNP_ENST00000424424.2_INTRON||||||||||||||||||||||||||||91|biliary_tract(2)_%7C_breast(11)_%7C_central_nervous_system(44)_%7C_large_intestine(11)_%7C_lung(1)_%7C_pancreas(22)||||X83416|NM_001080123.3|NP_001073592.1|HGNC:9449|prion_%20_protein|Approved|gene_%20_with_%20_protein_%20_product|protein-coding_%20_gene|PRIP_%2C__%20_GSS_%2C__%20_CJD|""prion_%20_protein_%20_(p27-30)""|CD230_%2C__%20_PRP_%2C__%20_AltPrP|""Creutzfeldt-Jakob_%20_disease""_%2C__%20_""Gerstmann-Strausler-Scheinker_%20_syndrome""_%2C__%20_""fatal_%20_familial_%20_insomnia""_%2C__%20_""p27-30""|20p13|2023-01-20||2008-07-28|M13899||5621|ENSG00000171867||NM_000311|471|CD_%20_molecules|CCDS13080|OTTHUMG00000031786|5621|176640|NM_000311|F7VJQ1_%2C__%20_P04156|ENSG00000171867|uc021wae.3||||APRIO_HUMAN|||F7VJQ1||integral_%20_component_%20_of_%20_membrane_%20_(GO:0016021)_%7C_mitochondrial_%20_outer_%20_membrane_%20_(GO:0005741)||true|false||false|false||false|false|false|PRNP:5621|false|false|true|false|false|false|false|false|false|false|false|false|false|false|false|false|false|false|false|false|996098774|4694249|false|false|0|false|0|false||false|false|false|SNV|false|0x050000080005000002000100|1|false|150|rs996098774|||||||||||||||||||||||||||||||||||||||||||||||||||||||||||||||||||||||||||false|false||]	93	20,21	279,166	60,60	4	NA	NA	NA	NA	NA	5.6	35	NA	NA	NA	NA	NA	NA	12.16	T/C	450,15	0.033	465	98,3	96,6	419,15	NA	NA	NA	NA	NA	222,228,7,8
CJD23	NA	chr20	PRNP	intron	INTRON	4691920	.	G	A	-10.0	PASS	SITE	2525,2577|12,19	NA	NA	5259	1	[PRNP|hg38|chr20|4691920|4691920|INTRON||SNP|G|G|A|g.chr20:4691920G>A|ENST00000457586.2|+|||c.e1+5184G>A|||0.3516209476309227|TGAGAAGAATGTGTATTCTGC|PRNP_ENST00000430350.2_INTRON/PRNP_ENST00000379440.9_INTRON/PRNP_ENST00000424424.2_INTRON||||||||||||||||||||||||||||91|biliary_tract(2)_%7C_breast(11)_%7C_central_nervous_system(44)_%7C_large_intestine(11)_%7C_lung(1)_%7C_pancreas(22)||||X83416|NM_001080123.3|NP_001073592.1|HGNC:9449|prion_%20_protein|Approved|gene_%20_with_%20_protein_%20_product|protein-coding_%20_gene|PRIP_%2C__%20_GSS_%2C__%20_CJD|""prion_%20_protein_%20_(p27-30)""|CD230_%2C__%20_PRP_%2C__%20_AltPrP|""Creutzfeldt-Jakob_%20_disease""_%2C__%20_""Gerstmann-Strausler-Scheinker_%20_syndrome""_%2C__%20_""fatal_%20_familial_%20_insomnia""_%2C__%20_""p27-30""|20p13|2023-01-20||2008-07-28|M13899||5621|ENSG00000171867||NM_000311|471|CD_%20_molecules|CCDS13080|OTTHUMG00000031786|5621|176640|NM_000311|F7VJQ1_%2C__%20_P04156|ENSG00000171867|uc021wae.3|hg38|OREG1597665|Type_%3D_TRANSCRIPTION_%20_FACTOR_%20_BINDING_%20_SITE_%7C_Gene_Symbol_%3D_PRNP_%7C_Gene_ID_%3D_ENSG00000171867_%7C_Gene_Source_%3D_ENSEMBL_%7C_Regulatory_Element_Symbol_%3D_FOXA1_%7C_Regulatory_Element_ID_%3D_ENST00000250448_%7C_Regulatory_Element_Source_%3D_ENSEMBL_%7C_PMID_%3D_18971253_%7C_Dataset_%3D_PAZAR|APRIO_HUMAN|||F7VJQ1||integral_%20_component_%20_of_%20_membrane_%20_(GO:0016021)_%7C_mitochondrial_%20_outer_%20_membrane_%20_(GO:0005741)||false|false||false|false||false|false|false||false|false|false|false|false|false|false|false|false|false|false|false|false|false|false|false|false|false|false|false|||false|false||false||false||false|false|false||false|||false|||||||||||||||||||||||||||||||||||||||||||||||||||||||||||||||||||||||||||||false|false||]	93	20,20	231,57	60,60	35	NA	NA	NA	NA	NA	5.6	23	NA	NA	NA	NA	NA	NA	19.29	G/A	5102,31	0.004427	5133	1388,5	1586,3	3917,20	NA	NA	NA	NA	NA	2525,2577,12,19
CJD25	NA	chr20	PRNP	intron	INTRON	4690951	.	T	TGATA	-10.0	PASS	SITE	75,0|3,0	NA	NA	83	1	[PRNP|hg38|chr20|4690951|4690952|INTRON||INS|-|-|GATA|g.chr20:4690951_4690952insGATA|ENST00000457586.2|+|||c.e1+4215T>TGATA|||0.3175|CATTAGAACTAATAAATTCA|PRNP_ENST00000430350.2_INTRON/PRNP_ENST00000379440.9_INTRON/PRNP_ENST00000424424.2_INTRON||||||||||||||||||||||||||||91|biliary_tract(2)_%7C_breast(11)_%7C_central_nervous_system(44)_%7C_large_intestine(11)_%7C_lung(1)_%7C_pancreas(22)||||X83416|NM_001080123.3|NP_001073592.1|HGNC:9449|prion_%20_protein|Approved|gene_%20_with_%20_protein_%20_product|protein-coding_%20_gene|PRIP_%2C__%20_GSS_%2C__%20_CJD|""prion_%20_protein_%20_(p27-30)""|CD230_%2C__%20_PRP_%2C__%20_AltPrP|""Creutzfeldt-Jakob_%20_disease""_%2C__%20_""Gerstmann-Strausler-Scheinker_%20_syndrome""_%2C__%20_""fatal_%20_familial_%20_insomnia""_%2C__%20_""p27-30""|20p13|2023-01-20||2008-07-28|M13899||5621|ENSG00000171867||NM_000311|471|CD_%20_molecules|CCDS13080|OTTHUMG00000031786|5621|176640|NM_000311|F7VJQ1_%2C__%20_P04156|ENSG00000171867|uc021wae.3||||APRIO_HUMAN|||F7VJQ1||integral_%20_component_%20_of_%20_membrane_%20_(GO:0016021)_%7C_mitochondrial_%20_outer_%20_membrane_%20_(GO:0005741)||false|false||false|false||false|false|false||false|false|false|false|false|false|false|false|false|false|false|false|false|false|false|false|false|false|false|false|||false|false||false||false||false|false|false||false|||false|||||||||||||||||||||||||||||||||||||||||||||||||||||||||||||||||||||||||||||false|false||]	93	20,20	225,198	60,60	7	NA	NA	NA	NA	NA	5.6	93	NA	NA	NA	NA	NA	NA	5.13	T/TGATA	75,3	0.046	78	51,1	24,2	75,3	NA	NA	NA	NA	NA	75,0,3,0
CJD27	NA	chr20	PRNP	intron	INTRON	4694264	.	G	A	-10.0	PASS	SITE	921,1232|6,8	NA	NA	2201	2	[PRNP|hg38|chr20|4694264|4694264|INTRON||SNP|G|G|A|g.chr20:4694264G>A|ENST00000457586.2|+|||c.e2-4947G>A|||0.3566084788029925|ACTTTGGGAGGCCAAGACAGG|PRNP_ENST00000430350.2_INTRON/PRNP_ENST00000379440.9_INTRON/PRNP_ENST00000424424.2_INTRON||||||||||||||||||||||||||||91|biliary_tract(2)_%7C_breast(11)_%7C_central_nervous_system(44)_%7C_large_intestine(11)_%7C_lung(1)_%7C_pancreas(22)||||X83416|NM_001080123.3|NP_001073592.1|HGNC:9449|prion_%20_protein|Approved|gene_%20_with_%20_protein_%20_product|protein-coding_%20_gene|PRIP_%2C__%20_GSS_%2C__%20_CJD|""prion_%20_protein_%20_(p27-30)""|CD230_%2C__%20_PRP_%2C__%20_AltPrP|""Creutzfeldt-Jakob_%20_disease""_%2C__%20_""Gerstmann-Strausler-Scheinker_%20_syndrome""_%2C__%20_""fatal_%20_familial_%20_insomnia""_%2C__%20_""p27-30""|20p13|2023-01-20||2008-07-28|M13899||5621|ENSG00000171867||NM_000311|471|CD_%20_molecules|CCDS13080|OTTHUMG00000031786|5621|176640|NM_000311|F7VJQ1_%2C__%20_P04156|ENSG00000171867|uc021wae.3||||APRIO_HUMAN|||F7VJQ1||integral_%20_component_%20_of_%20_membrane_%20_(GO:0016021)_%7C_mitochondrial_%20_outer_%20_membrane_%20_(GO:0005741)||true|false||false|false||false|false|false|PRNP:5621|false|false|true|false|false|false|false|false|false|false|false|false|false|false|false|false|false|false|false|false|1012397146|4694264|false|false|0|false|0|false|0.99999203618756371_%2C_0.00000796381243628|false|false|false|SNV|false|0x050000080005000002000100|1|false|150|rs1012397146||||||||||||||||||||||||||||||||||||||||||3.20595e-05|1.15181e-04|2.72480e-04|0.00000e+00|0.00000e+00|0.00000e+00|0.00000e+00|0.00000e+00|0.00000e+00|0.00000e+00|0.00000e+00|0.00000e+00|0.00000e+00|7.22961e-05|0.00000e+00|0.00000e+00|0.00000e+00|0.00000e+00|0.00000e+00|0.00000e+00|0.00000e+00|0.00000e+00|0.00000e+00|0.00000e+00|0.00000e+00|0.00000e+00|0.00000e+00|0.00000e+00|1.15181e-04|3.18309e-05||20|4674910|false|false|rs1012397146|]	93	20,20	224,253	60,60	35	NA	NA	NA	NA	NA	4.61	10	NA	NA	NA	NA	NA	NA	7.67	G/A	2153,14	0.004431	2167	298,3	268,1	1637,9	NA	NA	NA	NA	NA	921,1232,6,8
CJD3	NA	chr20	PRNP	intron	INTRON	4691161	.	G	A	-10.0	PASS	SITE	1225,954|1102,920	NA	NA	4315	1	[PRNP|hg38|chr20|4691161|4691161|INTRON||SNP|G|G|A|g.chr20:4691161G>A|ENST00000457586.2|+|||c.e1+4425G>A|||0.3316708229426434|AATTCAAGGAGACACAAATAG|PRNP_ENST00000430350.2_INTRON/PRNP_ENST00000379440.9_INTRON/PRNP_ENST00000424424.2_INTRON||||||||||||||||||||||||||||91|biliary_tract(2)_%7C_breast(11)_%7C_central_nervous_system(44)_%7C_large_intestine(11)_%7C_lung(1)_%7C_pancreas(22)||||X83416|NM_001080123.3|NP_001073592.1|HGNC:9449|prion_%20_protein|Approved|gene_%20_with_%20_protein_%20_product|protein-coding_%20_gene|PRIP_%2C__%20_GSS_%2C__%20_CJD|""prion_%20_protein_%20_(p27-30)""|CD230_%2C__%20_PRP_%2C__%20_AltPrP|""Creutzfeldt-Jakob_%20_disease""_%2C__%20_""Gerstmann-Strausler-Scheinker_%20_syndrome""_%2C__%20_""fatal_%20_familial_%20_insomnia""_%2C__%20_""p27-30""|20p13|2023-01-20||2008-07-28|M13899||5621|ENSG00000171867||NM_000311|471|CD_%20_molecules|CCDS13080|OTTHUMG00000031786|5621|176640|NM_000311|F7VJQ1_%2C__%20_P04156|ENSG00000171867|uc021wae.3||||APRIO_HUMAN|||F7VJQ1||integral_%20_component_%20_of_%20_membrane_%20_(GO:0016021)_%7C_mitochondrial_%20_outer_%20_membrane_%20_(GO:0005741)||true|false|0.9956_%2C_0.004393|false|false|1|false|false|false|PRNP:5621|false|false|true|true|true|false|false|false|false|false|false|false|false|false|false|false|false|false|false|false|184822025|4691161|false|false|0|true|0|false|0.98880287971457696_%2C_0.01119712028542303|false|false|false|SNV|true|0x050100080005040036000100|1|false|135|rs184822025||||||||||||||||||||||||||||||||||||||||||9.72081e-03|1.95133e-03|2.17628e-03|1.78713e-03|8.25472e-03|4.83092e-03|1.15207e-02|2.41379e-02|1.25000e-02|2.85714e-02|0.00000e+00|0.00000e+00|0.00000e+00|9.27524e-03|7.49280e-03|7.06522e-03|7.97546e-03|1.00756e-02|1.53147e-02|1.63613e-02|1.41176e-02|1.62602e-02|1.45620e-02|1.54494e-02|2.83019e-02|1.10497e-02|1.60714e-02|5.70342e-03|1.53147e-02|9.74026e-03||20|4671807|false|false|rs184822025|]	1	20,20	217,217	60,60	38	NA	NA	NA	NA	NA	2	93	NA	NA	NA	NA	NA	NA	4302.18	G/A	2179,2022	0.483	4201	775,800	637,626	1607,1502	NA	NA	NA	NA	NA	1225,954,1102,920
CJD30	E200K_position	chr20	PRNP	protein coding	MISSENSE	4699818	.	G	A	-10.0	PASS	SITE	54,49|48,55	NA	NA	234	1	[PRNP|hg38|chr20|4699818|4699818|MISSENSE||SNP|G|G|A|g.chr20:4699818G>A|ENST00000457586.2|+|2|802|c.598G>A|c.(598-600)Gag>Aag|p.E200K|0.49875311720698257|GAACTTCACCGAGACCGACGT|PRNP_ENST00000430350.2_MISSENSE_p.E200K/PRNP_ENST00000379440.9_MISSENSE_p.E200K/PRNP_ENST00000424424.2_MISSENSE_p.E200K||||||||||||||||||||||||||||91|biliary_tract(2)_%7C_breast(11)_%7C_central_nervous_system(44)_%7C_large_intestine(11)_%7C_lung(1)_%7C_pancreas(22)||||X83416|NM_001080123.3|NP_001073592.1|HGNC:9449|prion_%20_protein|Approved|gene_%20_with_%20_protein_%20_product|protein-coding_%20_gene|PRIP_%2C__%20_GSS_%2C__%20_CJD|""prion_%20_protein_%20_(p27-30)""|CD230_%2C__%20_PRP_%2C__%20_AltPrP|""Creutzfeldt-Jakob_%20_disease""_%2C__%20_""Gerstmann-Strausler-Scheinker_%20_syndrome""_%2C__%20_""fatal_%20_familial_%20_insomnia""_%2C__%20_""p27-30""|20p13|2023-01-20||2008-07-28|M13899||5621|ENSG00000171867||NM_000311|471|CD_%20_molecules|CCDS13080|OTTHUMG00000031786|5621|176640|NM_000311|F7VJQ1_%2C__%20_P04156|ENSG00000171867|uc021wae.3||||APRIO_HUMAN|||F7VJQ1||integral_%20_component_%20_of_%20_membrane_%20_(GO:0016021)_%7C_mitochondrial_%20_outer_%20_membrane_%20_(GO:0005741)||true|false||false|false||false|false|false|PRNP:5621|false|false|false|false|false|true|false|false|false|false|false|true|false|true|false|true|true|false|false|true|28933385|4699818|false|true|1|true|0|false||false|true|false|SNV|false|0x050368800a05000002110100|1|false|131|rs28933385||3.97668e-06|0.00000e+00|0.00000e+00|0.00000e+00|2.89084e-05|4.93340e-05|0.00000e+00|0.00000e+00|0.00000e+00|0.00000e+00|0.00000e+00|0.00000e+00|0.00000e+00|0.00000e+00|0.00000e+00|0.00000e+00|8.65351e-06|0.00000e+00|0.00000e+00|0.00000e+00|0.00000e+00|0.00000e+00|0.00000e+00|0.00000e+00|0.00000e+00|0.00000e+00|0.00000e+00|0.00000e+00|0.00000e+00|0.00000e+00|0.00000e+00|0.00000e+00|0.00000e+00|2.89084e-05|7.95241e-06|0.00000e+00|0.00000e+00|0.00000e+00|rs28933385|||||||||||||||||||||||||||||||||||false|false||]	1	16,20	239,223	60,60	8	NA	NA	NA	NA	NA	5.6	93	NA	NA	NA	NA	NA	NA	183.47	G/A	103,103	0.52	206	9,27	4,28	98,95	NA	NA	NA	NA	NA	54,49,48,55
CJD4	NA	chr4	TET2	NA	MISSENSE	105234397	.	G	A	-10.0	PASS	SITE	706,637|675,696	NA	NA	2798	1	[TET2|hg38|chr4|105234397|105234397|MISSENSE||SNP|G|G|A|g.chr4:105234397G>A|ENST00000513237.5|+|3|1315|c.518G>A|c.(517-519)aGt>aAt|p.S173N|0.4139650872817955|GAATCTGTGAGTTCTGTAGCC|TET2_ENST00000380013.9_MISSENSE_p.S152N/TET2_ENST00000305737.6_MISSENSE_p.S152N/TET2_ENST00000413648.2_MISSENSE_p.S152N/TET2_ENST00000540549.5_MISSENSE_p.S152N||||||||||||||||||||||||||||45382|NS(562)_%7C_adrenal_gland(32)_%7C_autonomic_ganglia(98)_%7C_biliary_tract(755)_%7C_bone(167)_%7C_breast(4379)_%7C_central_nervous_system(911)_%7C_cervix(179)_%7C_endometrium(329)_%7C_eye(53)_%7C_fallopian_tube(1)_%7C_female_genital_tract_(site_indeterminate)(20)_%7C_gastrointestinal_tract_(site_indeterminate)(68)_%7C_genital_tract(59)_%7C_haematopoietic_and_lymphoid_tissue(23755)_%7C_kidney(655)_%7C_large_intestine(1761)_%7C_liver(157)_%7C_lung(2715)_%7C_meninges(30)_%7C_midline_organs(1)_%7C_oesophagus(145)_%7C_ovary(512)_%7C_pancreas(739)_%7C_penis(8)_%7C_perineum(1)_%7C_peritoneum(19)_%7C_pituitary(3)_%7C_placenta(3)_%7C_pleura(193)_%7C_prostate(1356)_%7C_salivary_gland(311)_%7C_skin(1023)_%7C_small_intestine(62)_%7C_soft_tissue(830)_%7C_stomach(477)_%7C_testis(355)_%7C_thymus(125)_%7C_thyroid(1075)_%7C_upper_aerodigestive_tract(787)_%7C_urinary_tract(618)_%7C_uterine_adnexa(4)_%7C_vagina(2)_%7C_vulva(47)||||AC026029|||HGNC:25941|tet_%20_methylcytosine_%20_dioxygenase_%20_2|Approved|gene_%20_with_%20_protein_%20_product|protein-coding_%20_gene|KIAA1546|""KIAA1546""_%2C__%20_""tet_%20_oncogene_%20_family_%20_member_%20_2""|FLJ20032|""ten-eleven_%20_translocation_%20_2""|4q24|2023-01-20|2008-03-12|2011-09-30|AB046766|1.14.11.n2|54790|ENSG00000168769|10997877_%2C__%20_12646957|NM_017628|2049|Tet_%20_methylcytosine_%20_dioxygenase_%20_family|CCDS47120_%2C__%20_CCDS3666|OTTHUMG00000131213|54790|612839|NM_001127208|Q6N021|ENSG00000168769|uc021xqk.1||||TET2_HUMAN||B5MDU0_%7C_Q2TB88_%7C_Q3LIB8_%7C_Q96JX5_%7C_Q9HCM6_%7C_Q9NXW0|Q6N021|5-methylcytosine_%20_catabolic_%20_process_%20_(GO:0006211)_%7C_cell_%20_cycle_%20_(GO:0007049)_%7C_DNA_%20_demethylation_%20_(GO:0080111)_%7C_histone_%20_H3-K4_%20_trimethylation_%20_(GO:0080182)_%7C_kidney_%20_development_%20_(GO:0001822)_%7C_myeloid_%20_cell_%20_differentiation_%20_(GO:0030099)_%7C_positive_%20_regulation_%20_of_%20_transcription_%20_from_%20_RNA_%20_polymerase_%20_II_%20_promoter_%20_(GO:0045944)_%7C_post-embryonic_%20_development_%20_(GO:0009791)_%7C_protein_%20_O-linked_%20_glycosylation_%20_(GO:0006493)||DNA_%20_binding_%20_(GO:0003677)_%7C_ferrous_%20_iron_%20_binding_%20_(GO:0008198)_%7C_methylcytosine_%20_dioxygenase_%20_activity_%20_(GO:0070579)_%7C_zinc_%20_ion_%20_binding_%20_(GO:0008270)|true|false||false|false||false|false|false|TET2-AS1:104384744_%7C_TET2:54790|false|false|true|false|false|false|false|false|false|false|false|true|false|false|false|false|false|false|false|true|772521765|105234397|false|false|0|false|0|false|0.99999203618756371_%2C_0.00000796381243628_%2C_.|false|false|false|SNV|true|0x050000080a05040002000100|1|false|144|rs772521765||7.99207e-06|6.18429e-05|0.00000e+00|1.62075e-04|0.00000e+00|0.00000e+00|0.00000e+00|0.00000e+00|0.00000e+00|0.00000e+00|0.00000e+00|0.00000e+00|0.00000e+00|0.00000e+00|0.00000e+00|0.00000e+00|8.70201e-06|0.00000e+00|0.00000e+00|0.00000e+00|7.38924e-06|0.00000e+00|0.00000e+00|0.00000e+00|0.00000e+00|0.00000e+00|0.00000e+00|0.00000e+00|0.00000e+00|0.00000e+00|0.00000e+00|0.00000e+00|0.00000e+00|6.18429e-05|7.95298e-06|3.27011e-05|1.32732e-04|0.00000e+00|rs772521765|||||||||||||||||||||||||||||||||||false|false||]	1	20,20	222,224	60,60	32	NA	NA	NA	NA	NA	5.6	93	NA	NA	NA	NA	NA	NA	2627.59	G/A	1343,1371	0.505	2714	376,403	311,362	1061,1079	NA	NA	NA	NA	NA	706,637,675,696
